county,county_fips,year,mine_count,coal_output_total,mine_employment
Barbour County,54001,2000,6,757994.0,137.08333333333334
Barbour County,54001,2001,5,692354.0,52.58333333333333
Barbour County,54001,2002,9,916134.0,87.25
Barbour County,54001,2003,8,988636.0,140.91666666666669
Barbour County,54001,2004,7,2038333.0,136.0
Barbour County,54001,2005,8,1754980.0,165.5
Barbour County,54001,2006,9,2033328.0,173.25
Barbour County,54001,2007,6,1919191.0,192.75
Barbour County,54001,2008,7,1562302.0,279.58333333333337
Barbour County,54001,2009,4,1469936.0,293.0
Barbour County,54001,2010,2,1363991.0,273.5
Barbour County,54001,2011,2,1262302.0,281.0
Barbour County,54001,2012,1,1128404.0,286.25
Barbour County,54001,2013,1,1019728.0,245.0
Barbour County,54001,2014,1,1016584.0,219.75
Barbour County,54001,2015,1,989058.0,220.75
Barbour County,54001,2016,1,1001623.0,211.5
Barbour County,54001,2017,1,1463070.0,259.0
Barbour County,54001,2018,1,1169514.0,293.0
Barbour County,54001,2019,1,1106710.0,368.75
Barbour County,54001,2020,1,756071.0,451.75
Barbour County,54001,2021,1,905261.0,506.75
Barbour County,54001,2022,2,2402952.0,651.6666666666666
Barbour County,54001,2023,2,3345280.0,748.25
Barbour County,54001,2024,2,3443676.0,812.5
Boone County,54005,2000,34,32815535.0,2081.5833333333335
Boone County,54005,2001,38,34592721.0,2532.9166666666665
Boone County,54005,2002,41,32820501.0,2657.25
Boone County,54005,2003,35,30802655.0,2620.0
Boone County,54005,2004,38,31706540.0,2779.4166666666665
Boone County,54005,2005,43,31497573.0,3092.0833333333335
Boone County,54005,2006,45,31032804.0,3320.75
Boone County,54005,2007,40,33202133.0,3326.6666666666665
Boone County,54005,2008,41,31589662.0,3634.1666666666665
Boone County,54005,2009,41,26505109.0,3444.5
Boone County,54005,2010,36,23210784.0,3293.25
Boone County,54005,2011,38,22772514.0,3517.0833333333335
Boone County,54005,2012,33,17290819.0,2875.6666666666665
Boone County,54005,2013,25,13522894.0,2232.25
Boone County,54005,2014,25,13814861.0,2078.9166666666665
Boone County,54005,2015,18,8374033.0,1393.4166666666667
Boone County,54005,2016,15,5068124.0,716.8333333333333
Boone County,54005,2017,14,5147128.0,740.25
Boone County,54005,2018,15,4608045.0,750.9166666666666
Boone County,54005,2019,15,4363997.0,729.5
Boone County,54005,2020,13,2645880.0,580.25
Boone County,54005,2021,12,3069212.0,480.75
Boone County,54005,2022,9,3015778.0,499.8333333333333
Boone County,54005,2023,14,2718751.0,535.0833333333334
Boone County,54005,2024,11,2952857.0,588.25
Brooke County,54009,2000,1,1897198.0,178.5
Brooke County,54009,2001,1,1035414.0,127.25
Brooke County,54009,2002,1,1269590.0,107.25
Brooke County,54009,2005,1,213029.0,28.25
Brooke County,54009,2006,1,417816.0,50.25
Brooke County,54009,2007,2,405708.0,49.0
Brooke County,54009,2008,2,523950.0,59.25
Brooke County,54009,2009,2,102410.0,16.0
Brooke County,54009,2011,1,124389.0,17.333333333333332
Brooke County,54009,2012,1,279837.0,27.0
Clay County,54015,2000,4,5092609.0,298.25
Clay County,54015,2001,2,4521039.0,249.0
Clay County,54015,2002,2,4183625.0,254.75
Clay County,54015,2003,2,3868663.0,275.25
Clay County,54015,2004,2,4133170.0,303.0
Clay County,54015,2005,2,4096970.0,316.25
Clay County,54015,2006,2,4024938.0,309.0
Clay County,54015,2007,3,3753557.0,316.75
Clay County,54015,2008,2,3600191.0,331.5
Clay County,54015,2009,2,3029298.0,378.75
Clay County,54015,2010,2,2095129.0,227.0
Clay County,54015,2011,3,2520363.0,237.75
Clay County,54015,2012,2,1044999.0,137.25
Clay County,54015,2013,1,2694.0,8.25
Clay County,54015,2014,1,19772.0,3.0
Clay County,54015,2015,1,142161.0,5.25
Clay County,54015,2016,1,72354.0,3.5
Clay County,54015,2017,1,49424.0,4.5
Clay County,54015,2018,1,125101.0,5.0
Clay County,54015,2019,1,40243.0,4.5
Clay County,54015,2020,1,32183.0,2.5
Clay County,54015,2021,2,151099.0,21.25
Clay County,54015,2022,1,71860.0,5.5
Clay County,54015,2023,2,129002.0,40.5
Clay County,54015,2024,3,207045.0,60.5
Fayette County,54019,2000,9,3952627.0,353.8333333333333
Fayette County,54019,2001,10,3391804.0,326.5
Fayette County,54019,2002,13,4479481.0,371.75
Fayette County,54019,2003,9,2356979.0,258.3333333333333
Fayette County,54019,2004,13,3332426.0,457.5
Fayette County,54019,2005,15,3955399.0,564.0
Fayette County,54019,2006,18,4196054.0,597.5833333333334
Fayette County,54019,2007,21,5407693.0,708.3333333333334
Fayette County,54019,2008,23,7064951.0,990.8333333333334
Fayette County,54019,2009,21,6518839.0,916.0
Fayette County,54019,2010,18,6669277.0,809.5833333333333
Fayette County,54019,2011,18,6648139.0,1100.25
Fayette County,54019,2012,18,5723015.0,974.9166666666666
Fayette County,54019,2013,13,4891999.0,779.75
Fayette County,54019,2014,14,4173013.0,688.6666666666666
Fayette County,54019,2015,13,2882401.0,523.25
Fayette County,54019,2016,12,2474118.0,428.3333333333333
Fayette County,54019,2017,12,3293127.0,542.3333333333333
Fayette County,54019,2018,13,3431101.0,617.5
Fayette County,54019,2019,12,2674138.0,496.6666666666667
Fayette County,54019,2020,9,1387977.0,288.0833333333333
Fayette County,54019,2021,11,1964391.0,381.75
Fayette County,54019,2022,13,2381188.0,509.75
Fayette County,54019,2023,13,3093010.0,634.0
Fayette County,54019,2024,12,2933473.0,618.1666666666666
Grant County,54023,2000,3,567765.0,70.75
Grant County,54023,2001,2,774402.0,62.5
Grant County,54023,2002,3,1436755.0,99.0
Grant County,54023,2003,3,1364413.0,94.5
Grant County,54023,2004,2,1226374.0,79.75
Grant County,54023,2005,4,782560.0,104.0
Grant County,54023,2006,4,206056.0,87.5
Grant County,54023,2007,1,124757.0,19.5
Grant County,54023,2010,1,5017.0,10.666666666666666
Grant County,54023,2011,1,119574.0,43.75
Grant County,54023,2012,1,132974.0,38.75
Grant County,54023,2013,1,304.0,2.0
Grant County,54023,2015,1,51431.0,36.0
Grant County,54023,2020,1,17692.0,6.25
Grant County,54023,2021,1,26375.0,5.5
Grant County,54023,2022,1,50289.0,6.25
Grant County,54023,2023,1,119909.0,8.5
Grant County,54023,2024,1,81291.0,9.5
Greenbrier County,54025,2000,5,563098.0,66.91666666666667
Greenbrier County,54025,2001,4,779398.0,94.83333333333333
Greenbrier County,54025,2002,4,757261.0,108.75
Greenbrier County,54025,2003,2,576430.0,63.25
Greenbrier County,54025,2004,2,605678.0,82.75
Greenbrier County,54025,2005,1,333282.0,45.75
Greenbrier County,54025,2006,5,411301.0,128.41666666666669
Greenbrier County,54025,2007,5,659475.0,195.66666666666666
Greenbrier County,54025,2008,7,669200.0,295.5
Greenbrier County,54025,2009,7,810349.0,355.0
Greenbrier County,54025,2010,4,911778.0,369.0
Greenbrier County,54025,2011,6,1109437.0,448.5
Greenbrier County,54025,2012,7,1168731.0,464.5
Greenbrier County,54025,2013,9,841110.0,259.5
Greenbrier County,54025,2014,8,1187140.0,263.0
Greenbrier County,54025,2015,6,774453.0,178.5
Greenbrier County,54025,2016,6,416697.0,78.5
Greenbrier County,54025,2017,9,781435.0,196.25
Greenbrier County,54025,2018,9,999727.0,220.0
Greenbrier County,54025,2019,7,874291.0,224.0
Greenbrier County,54025,2020,4,267204.0,91.25
Greenbrier County,54025,2021,2,127248.0,44.75
Greenbrier County,54025,2022,2,142137.0,45.0
Greenbrier County,54025,2023,2,231977.0,49.25
Greenbrier County,54025,2024,2,105503.0,52.75
Harrison County,54033,2000,11,1292614.0,171.5
Harrison County,54033,2001,9,1041253.0,139.5
Harrison County,54033,2002,8,1010252.0,135.75
Harrison County,54033,2003,7,897968.0,120.0
Harrison County,54033,2004,6,725209.0,108.08333333333333
Harrison County,54033,2005,6,665153.0,119.16666666666666
Harrison County,54033,2006,6,652770.0,121.5
Harrison County,54033,2007,6,321967.0,70.5
Harrison County,54033,2008,6,685662.0,109.25
Harrison County,54033,2009,5,695438.0,114.25
Harrison County,54033,2010,6,681038.0,107.0
Harrison County,54033,2011,4,535586.0,103.0
Harrison County,54033,2012,4,386924.0,87.0
Harrison County,54033,2013,2,452916.0,84.0
Harrison County,54033,2014,4,433681.0,88.0
Harrison County,54033,2015,2,133321.0,45.583333333333336
Kanawha County,54039,2000,14,14253152.0,826.9166666666666
Kanawha County,54039,2001,16,14755784.0,926.1666666666666
Kanawha County,54039,2002,14,13858491.0,874.8333333333334
Kanawha County,54039,2003,17,15340928.0,933.25
Kanawha County,54039,2004,19,14524198.0,967.5
Kanawha County,54039,2005,19,13117246.0,1044.9166666666667
Kanawha County,54039,2006,20,12359940.0,1167.0
Kanawha County,54039,2007,19,11124912.0,1074.75
Kanawha County,54039,2008,23,11240076.0,1151.5833333333333
Kanawha County,54039,2009,24,10142493.0,1118.4166666666667
Kanawha County,54039,2010,20,9615217.0,1064.25
Kanawha County,54039,2011,20,8942203.0,1162.75
Kanawha County,54039,2012,18,8519661.0,1180.3333333333333
Kanawha County,54039,2013,15,9522724.0,1241.5
Kanawha County,54039,2014,14,10154764.0,1271.8333333333333
Kanawha County,54039,2015,12,7657646.0,1070.8333333333333
Kanawha County,54039,2016,10,5864423.0,720.9166666666666
Kanawha County,54039,2017,9,6257671.0,901.25
Kanawha County,54039,2018,8,6005301.0,866.0
Kanawha County,54039,2019,8,5560418.0,855.0
Kanawha County,54039,2020,7,3526788.0,526.0
Kanawha County,54039,2021,6,3077990.0,434.5
Kanawha County,54039,2022,6,3180152.0,509.75
Kanawha County,54039,2023,7,3482654.0,530.5
Kanawha County,54039,2024,7,2939869.0,491.0
Lincoln County,54043,2000,2,734085.0,66.25
Lincoln County,54043,2001,3,1766013.0,180.75
Lincoln County,54043,2002,3,326724.0,46.333333333333336
Lincoln County,54043,2003,2,234653.0,46.0
Lincoln County,54043,2004,2,766836.0,91.25
Lincoln County,54043,2005,3,1136454.0,165.75
Lincoln County,54043,2006,3,1047575.0,188.0
Lincoln County,54043,2007,3,1068616.0,185.91666666666666
Lincoln County,54043,2008,3,1282326.0,176.75
Lincoln County,54043,2009,2,1496651.0,228.0
Lincoln County,54043,2010,2,1327389.0,197.0
Lincoln County,54043,2011,2,939162.0,161.5
Lincoln County,54043,2012,1,787370.0,141.75
Lincoln County,54043,2013,1,543882.0,129.75
Logan County,54045,2000,22,7993970.0,668.8333333333334
Logan County,54045,2001,22,10812270.0,896.25
Logan County,54045,2002,20,10397571.0,894.25
Logan County,54045,2003,19,10467944.0,780.5
Logan County,54045,2004,23,11600145.0,974.4166666666666
Logan County,54045,2005,25,12333578.0,1179.1666666666667
Logan County,54045,2006,24,13010233.0,1449.0
Logan County,54045,2007,25,14457553.0,1410.25
Logan County,54045,2008,32,19000819.0,1671.25
Logan County,54045,2009,29,17035550.0,1664.5
Logan County,54045,2010,26,16268183.0,1527.5
Logan County,54045,2011,28,17147305.0,1976.75
Logan County,54045,2012,27,15133815.0,1991.5
Logan County,54045,2013,23,13463994.0,1753.5833333333333
Logan County,54045,2014,22,12332028.0,1599.0
Logan County,54045,2015,23,9549598.0,1428.1666666666667
Logan County,54045,2016,17,7775054.0,1158.5
Logan County,54045,2017,21,9926581.0,1392.5
Logan County,54045,2018,22,11921657.0,1589.1666666666665
Logan County,54045,2019,28,11030247.0,1715.5
Logan County,54045,2020,21,7059471.0,1183.5
Logan County,54045,2021,25,8362199.0,1288.0
Logan County,54045,2022,27,8870135.0,1449.25
Logan County,54045,2023,34,9516526.0,1618.0
Logan County,54045,2024,34,9897883.0,1767.75
Marion County,54049,2000,2,27506.0,8.333333333333334
Marion County,54049,2001,4,1193754.0,128.75
Marion County,54049,2002,3,57560.0,15.25
Marion County,54049,2003,3,313112.0,223.75
Marion County,54049,2004,3,4991674.0,425.0
Marion County,54049,2005,4,6449456.0,447.5
Marion County,54049,2006,5,6454635.0,452.75
Marion County,54049,2007,4,6721500.0,468.75
Marion County,54049,2008,3,5228357.0,479.75
Marion County,54049,2009,3,6046562.0,510.5
Marion County,54049,2010,2,5888284.0,551.0
Marion County,54049,2011,4,5712511.0,623.5
Marion County,54049,2012,4,6095328.0,646.0
Marion County,54049,2013,4,5520668.0,614.75
Marion County,54049,2014,3,6711732.0,583.5
Marion County,54049,2015,3,6619460.0,516.75
Marion County,54049,2016,2,4420973.0,378.75
Marion County,54049,2017,2,6224653.0,430.75
Marion County,54049,2018,2,6289823.0,473.75
Marion County,54049,2019,2,6197147.0,483.5
Marion County,54049,2020,2,4045186.0,364.0
Marion County,54049,2021,2,6369717.0,398.25
Marion County,54049,2022,2,7009272.0,412.5
Marion County,54049,2023,2,7016462.0,437.75
Marion County,54049,2024,2,5811906.0,429.5
Marshall County,54051,2000,2,10337601.0,644.5
Marshall County,54051,2001,2,10687875.0,782.75
Marshall County,54051,2002,2,8156499.0,668.75
Marshall County,54051,2003,2,10635458.0,827.0
Marshall County,54051,2004,2,12051371.0,886.75
Marshall County,54051,2005,2,13924918.0,994.0
Marshall County,54051,2006,2,11442139.0,889.75
Marshall County,54051,2007,2,9745851.0,880.75
Marshall County,54051,2008,2,10774732.0,1006.5
Marshall County,54051,2009,2,10159633.0,1118.0
Marshall County,54051,2010,2,13944543.0,1380.25
Marshall County,54051,2011,2,14402055.0,1520.5
Marshall County,54051,2012,2,14716859.0,1581.0
Marshall County,54051,2013,2,15022333.0,1545.0
Marshall County,54051,2014,2,16963861.0,1469.5
Marshall County,54051,2015,2,16376633.0,1336.5
Marshall County,54051,2016,2,16789549.0,993.0
Marshall County,54051,2017,2,17700117.0,1074.0
Marshall County,54051,2018,2,17943254.0,1127.5
Marshall County,54051,2019,2,18319326.0,1116.25
Marshall County,54051,2020,2,13853276.0,956.25
Marshall County,54051,2021,2,16996710.0,1032.5
Marshall County,54051,2022,2,16009544.0,1082.75
Marshall County,54051,2023,2,13863820.0,1097.25
Marshall County,54051,2024,2,14558969.0,1082.0
Mason County,54053,2006,1,15483.0,36.333333333333336
Mason County,54053,2007,1,600724.0,107.0
Mason County,54053,2008,1,583867.0,133.25
Mason County,54053,2009,1,408378.0,97.75
Mason County,54053,2010,1,157799.0,33.25
Mcdowell County,54047,2000,52,5126769.0,682.5833333333334
Mcdowell County,54047,2001,56,4828650.0,748.6666666666666
Mcdowell County,54047,2002,51,4715268.0,718.0
Mcdowell County,54047,2003,39,4060661.0,599.0833333333334
Mcdowell County,54047,2004,39,4335649.0,654.8333333333334
Mcdowell County,54047,2005,40,4271379.0,773.5833333333334
Mcdowell County,54047,2006,43,5118500.0,929.75
Mcdowell County,54047,2007,42,5277631.0,852.4166666666666
Mcdowell County,54047,2008,43,5319427.0,952.9166666666666
Mcdowell County,54047,2009,39,4251403.0,918.5833333333334
Mcdowell County,54047,2010,42,4868317.0,1078.8333333333333
Mcdowell County,54047,2011,39,4484496.0,1156.0
Mcdowell County,54047,2012,42,4113156.0,1148.75
Mcdowell County,54047,2013,40,4333626.0,1094.0
Mcdowell County,54047,2014,40,3364324.0,996.1666666666666
Mcdowell County,54047,2015,32,2688309.0,707.1666666666666
Mcdowell County,54047,2016,26,2480524.0,508.3333333333333
Mcdowell County,54047,2017,27,3857961.0,784.8333333333334
Mcdowell County,54047,2018,32,3714813.0,910.25
Mcdowell County,54047,2019,32,3767810.0,927.0833333333334
Mcdowell County,54047,2020,24,2516904.0,681.8333333333333
Mcdowell County,54047,2021,25,2479478.0,693.4166666666666
Mcdowell County,54047,2022,31,2575215.0,813.25
Mcdowell County,54047,2023,26,2426840.0,745.5
Mcdowell County,54047,2024,26,2211500.0,713.25
Mercer County,54055,2001,1,22387.0,7.5
Mercer County,54055,2002,1,5504.0,2.0
Mercer County,54055,2005,1,8068.0,3.0
Mercer County,54055,2006,1,12649.0,6.333333333333333
Mercer County,54055,2009,1,45000.0,6.0
Mercer County,54055,2010,1,68836.0,8.0
Mercer County,54055,2011,1,82274.0,12.0
Mercer County,54055,2012,1,147388.0,15.75
Mercer County,54055,2013,1,251128.0,22.5
Mercer County,54055,2014,1,224128.0,22.75
Mercer County,54055,2015,1,149721.0,21.75
Mercer County,54055,2016,1,111183.0,18.25
Mercer County,54055,2017,1,138016.0,26.75
Mercer County,54055,2018,1,60522.0,17.25
Mercer County,54055,2019,1,189123.0,29.25
Mercer County,54055,2020,2,358774.0,72.0
Mercer County,54055,2021,3,376576.0,88.0
Mercer County,54055,2022,3,478338.0,121.83333333333334
Mercer County,54055,2023,3,503319.0,130.75
Mercer County,54055,2024,4,326480.0,124.0
Mineral County,54057,2000,1,45157.0,10.75
Mineral County,54057,2001,2,90350.0,14.0
Mineral County,54057,2002,2,69425.0,13.0
Mineral County,54057,2003,2,70059.0,13.0
Mineral County,54057,2004,2,88296.0,12.0
Mineral County,54057,2005,2,130196.0,13.0
Mineral County,54057,2006,1,48303.0,9.0
Mineral County,54057,2007,2,54548.0,21.333333333333336
Mineral County,54057,2008,2,86289.0,22.75
Mineral County,54057,2009,2,79753.0,18.5
Mineral County,54057,2010,2,74330.0,14.5
Mineral County,54057,2011,2,75995.0,13.5
Mineral County,54057,2012,2,56755.0,8.0
Mineral County,54057,2013,2,59312.0,8.0
Mineral County,54057,2014,2,6186.0,5.25
Mineral County,54057,2019,1,2999.0,3.25
Mineral County,54057,2020,1,528.0,4.5
Mingo County,54059,2000,34,22751310.0,1517.0833333333333
Mingo County,54059,2001,38,22488506.0,1542.5833333333333
Mingo County,54059,2002,31,19599565.0,1549.6666666666667
Mingo County,54059,2003,24,13965079.0,1173.4166666666667
Mingo County,54059,2004,24,12987412.0,1190.9166666666667
Mingo County,54059,2005,29,14561760.0,1333.5833333333333
Mingo County,54059,2006,29,15590048.0,1479.1666666666667
Mingo County,54059,2007,29,13433303.0,1370.0
Mingo County,54059,2008,31,13182417.0,1383.1666666666667
Mingo County,54059,2009,31,8014837.0,1158.3333333333333
Mingo County,54059,2010,24,8628290.0,961.25
Mingo County,54059,2011,27,7714158.0,1144.0833333333333
Mingo County,54059,2012,26,6665488.0,1020.6666666666666
Mingo County,54059,2013,25,5370795.0,831.0
Mingo County,54059,2014,13,4924769.0,562.5
Mingo County,54059,2015,8,4048262.0,385.6666666666667
Mingo County,54059,2016,8,3233110.0,324.5
Mingo County,54059,2017,12,5603735.0,526.25
Mingo County,54059,2018,12,5795632.0,618.9166666666666
Mingo County,54059,2019,12,4829602.0,593.0
Mingo County,54059,2020,9,1866737.0,348.5
Mingo County,54059,2021,6,1639205.0,185.08333333333334
Mingo County,54059,2022,11,2081073.0,295.75
Mingo County,54059,2023,12,3129706.0,406.5
Mingo County,54059,2024,11,2612521.0,349.0
Monongalia County,54061,2000,5,1359437.0,85.5
Monongalia County,54061,2001,5,1071092.0,78.0
Monongalia County,54061,2002,5,538171.0,58.25
Monongalia County,54061,2003,4,595465.0,51.75
Monongalia County,54061,2004,4,597381.0,60.0
Monongalia County,54061,2005,4,743171.0,67.5
Monongalia County,54061,2006,5,1051992.0,83.5
Monongalia County,54061,2007,5,1041149.0,81.75
Monongalia County,54061,2008,5,1426830.0,90.5
Monongalia County,54061,2009,4,1060485.0,99.0
Monongalia County,54061,2010,5,1168139.0,105.0
Monongalia County,54061,2011,5,1048590.0,105.25
Monongalia County,54061,2012,4,521986.0,74.75
Monongalia County,54061,2013,5,481889.0,57.25
Monongalia County,54061,2014,4,390752.0,48.0
Monongalia County,54061,2015,4,308659.0,48.5
Monongalia County,54061,2016,3,359630.0,45.25
Monongalia County,54061,2017,3,307333.0,42.0
Monongalia County,54061,2018,3,173622.0,35.0
Monongalia County,54061,2019,2,18324.0,6.0
Nicholas County,54067,2000,9,4807406.0,285.25
Nicholas County,54067,2001,9,5680406.0,325.8333333333333
Nicholas County,54067,2002,9,4994531.0,298.91666666666663
Nicholas County,54067,2003,7,5308592.0,273.75
Nicholas County,54067,2004,7,4892479.0,296.0
Nicholas County,54067,2005,7,3989906.0,320.0
Nicholas County,54067,2006,14,4036209.0,457.5833333333333
Nicholas County,54067,2007,10,4522134.0,447.25
Nicholas County,54067,2008,15,4496053.0,518.8333333333334
Nicholas County,54067,2009,15,3908623.0,571.6666666666666
Nicholas County,54067,2010,14,3716909.0,503.6666666666667
Nicholas County,54067,2011,15,3794902.0,582.25
Nicholas County,54067,2012,15,2517451.0,509.5833333333333
Nicholas County,54067,2013,11,1238691.0,320.6666666666667
Nicholas County,54067,2014,7,739508.0,168.75
Nicholas County,54067,2015,3,727245.0,116.5
Nicholas County,54067,2016,3,633284.0,116.5
Nicholas County,54067,2017,3,613718.0,113.25
Nicholas County,54067,2018,6,739965.0,155.5
Nicholas County,54067,2019,8,826793.0,161.5
Nicholas County,54067,2020,6,1008909.0,162.25
Nicholas County,54067,2021,8,1007210.0,195.25
Nicholas County,54067,2022,5,1011960.0,215.5
Nicholas County,54067,2023,7,1061812.0,253.5
Nicholas County,54067,2024,6,1350210.0,261.0833333333333
Ohio County,54069,2010,2,180308.0,81.5
Ohio County,54069,2011,1,275227.0,170.5
Ohio County,54069,2012,1,2000531.0,255.75
Ohio County,54069,2013,1,3694046.0,350.25
Ohio County,54069,2014,1,5627411.0,434.25
Ohio County,54069,2015,1,6030582.0,439.25
Ohio County,54069,2016,1,6593227.0,372.75
Ohio County,54069,2017,1,6988112.0,366.25
Ohio County,54069,2018,1,6807214.0,359.75
Ohio County,54069,2019,1,7330458.0,371.0
Ohio County,54069,2020,1,6756696.0,364.0
Ohio County,54069,2021,1,7212501.0,359.5
Ohio County,54069,2022,1,8312644.0,388.5
Ohio County,54069,2023,1,7664330.0,400.25
Ohio County,54069,2024,1,6030327.0,414.75
Preston County,54077,2000,11,1290996.0,191.91666666666666
Preston County,54077,2001,7,2465475.0,222.0
Preston County,54077,2002,5,2463764.0,221.5
Preston County,54077,2003,6,2405660.0,232.25
Preston County,54077,2004,4,1858014.0,226.08333333333334
Preston County,54077,2005,2,1529430.0,218.5
Preston County,54077,2006,2,1380863.0,241.0
Preston County,54077,2007,2,1470735.0,261.25
Preston County,54077,2008,2,1290586.0,283.0
Preston County,54077,2009,2,104360.0,50.75
Preston County,54077,2010,1,88443.0,20.0
Preston County,54077,2011,1,29585.0,20.25
Preston County,54077,2012,1,5072.0,8.0
Raleigh County,54081,2000,16,9639215.0,635.6666666666666
Raleigh County,54081,2001,16,8925576.0,782.0
Raleigh County,54081,2002,14,7976668.0,657.75
Raleigh County,54081,2003,13,6878613.0,585.5833333333333
Raleigh County,54081,2004,17,7593136.0,673.5
Raleigh County,54081,2005,17,9619429.0,868.25
Raleigh County,54081,2006,16,8028938.0,958.25
Raleigh County,54081,2007,19,7557463.0,1009.6666666666666
Raleigh County,54081,2008,19,8631241.0,1127.25
Raleigh County,54081,2009,17,8184818.0,1228.25
Raleigh County,54081,2010,18,7522708.0,1239.25
Raleigh County,54081,2011,20,7586192.0,1361.1666666666667
Raleigh County,54081,2012,19,7082148.0,1589.5
Raleigh County,54081,2013,17,7089091.0,1424.75
Raleigh County,54081,2014,15,6149606.0,1244.0
Raleigh County,54081,2015,14,5820021.0,1204.75
Raleigh County,54081,2016,12,4967309.0,1010.75
Raleigh County,54081,2017,14,6320735.0,1246.0833333333333
Raleigh County,54081,2018,14,6664197.0,1374.0
Raleigh County,54081,2019,14,6789278.0,1467.75
Raleigh County,54081,2020,14,6031530.0,1295.25
Raleigh County,54081,2021,13,7048341.0,1341.0
Raleigh County,54081,2022,12,6852996.0,1408.25
Raleigh County,54081,2023,13,7006591.0,1492.1666666666667
Raleigh County,54081,2024,15,7089255.0,1518.0
Randolph County,54083,2006,1,342176.0,42.5
Randolph County,54083,2007,2,38047.0,12.25
Randolph County,54083,2008,1,4329.0,2.0
Randolph County,54083,2009,1,910.0,1.3333333333333333
Randolph County,54083,2018,2,361166.0,110.5
Randolph County,54083,2019,2,470959.0,149.5
Randolph County,54083,2020,2,661586.0,146.0
Randolph County,54083,2021,3,711487.0,157.25
Randolph County,54083,2022,3,451583.0,158.0
Randolph County,54083,2023,3,235888.0,136.91666666666669
Taylor County,54091,2011,2,13437.0,10.0
Taylor County,54091,2012,2,69877.0,129.75
Taylor County,54091,2013,2,569982.0,344.75
Taylor County,54091,2014,2,2713579.0,365.0
Taylor County,54091,2015,1,3383885.0,403.25
Taylor County,54091,2016,1,3574262.0,385.25
Taylor County,54091,2017,1,3381442.0,397.0
Taylor County,54091,2018,1,3444773.0,403.5
Taylor County,54091,2019,1,4274748.0,385.5
Taylor County,54091,2020,1,4185123.0,393.25
Taylor County,54091,2021,1,4370790.0,428.75
Taylor County,54091,2022,1,4041623.0,438.5
Taylor County,54091,2023,1,4443600.0,448.0
Taylor County,54091,2024,1,3650142.0,484.0
Tucker County,54093,2000,1,143798.0,19.0
Tucker County,54093,2001,1,276625.0,22.75
Tucker County,54093,2002,1,130598.0,12.75
Tucker County,54093,2003,1,67011.0,4.75
Tucker County,54093,2005,1,114586.0,35.0
Tucker County,54093,2006,1,560919.0,105.0
Tucker County,54093,2007,1,2785794.0,179.5
Tucker County,54093,2008,1,2560616.0,175.0
Tucker County,54093,2009,1,2215064.0,177.5
Tucker County,54093,2010,1,2449174.0,190.25
Tucker County,54093,2011,2,2384942.0,213.75
Tucker County,54093,2012,2,2396539.0,242.0
Tucker County,54093,2013,2,2344245.0,225.83333333333334
Tucker County,54093,2014,1,1920877.0,206.75
Tucker County,54093,2015,1,2108354.0,202.5
Tucker County,54093,2016,1,2014302.0,201.5
Tucker County,54093,2017,1,2114258.0,199.5
Tucker County,54093,2018,1,2280219.0,194.5
Tucker County,54093,2019,1,2075291.0,207.25
Tucker County,54093,2020,1,1834142.0,189.0
Tucker County,54093,2021,1,1539656.0,169.25
Tucker County,54093,2022,1,1426966.0,177.25
Tucker County,54093,2023,1,820334.0,201.25
Tucker County,54093,2024,1,1082802.0,220.75
Upshur County,54097,2000,12,2591025.0,252.41666666666666
Upshur County,54097,2001,10,1621357.0,167.08333333333334
Upshur County,54097,2002,9,1175670.0,153.25
Upshur County,54097,2003,9,2113244.0,275.5
Upshur County,54097,2004,8,1785997.0,285.8333333333333
Upshur County,54097,2005,7,1211255.0,271.0833333333333
Upshur County,54097,2006,4,680922.0,139.0
Upshur County,54097,2007,3,687819.0,90.5
Upshur County,54097,2008,3,899347.0,122.16666666666667
Upshur County,54097,2009,2,704212.0,99.5
Upshur County,54097,2010,2,567899.0,102.5
Upshur County,54097,2011,2,700350.0,109.75
Upshur County,54097,2012,2,409979.0,81.0
Upshur County,54097,2013,1,53374.0,8.0
Upshur County,54097,2014,1,26832.0,4.75
Wayne County,54099,2000,8,6011554.0,379.75
Wayne County,54099,2001,6,5584435.0,386.5
Wayne County,54099,2002,5,4124147.0,312.0
Wayne County,54099,2003,5,4760872.0,309.5
Wayne County,54099,2004,4,5107243.0,356.25
Wayne County,54099,2005,4,5004394.0,380.0
Wayne County,54099,2006,4,4835608.0,402.25
Wayne County,54099,2007,4,4738688.0,427.5
Wayne County,54099,2008,4,5104404.0,446.0
Wayne County,54099,2009,4,5262756.0,502.5
Wayne County,54099,2010,4,4745767.0,506.0
Wayne County,54099,2011,4,4216189.0,514.25
Wayne County,54099,2012,5,4077788.0,516.0
Wayne County,54099,2013,6,3361296.0,470.75
Wayne County,54099,2014,1,2308111.0,390.5
Wayne County,54099,2015,2,1031263.0,243.5
Wayne County,54099,2017,1,16268.0,5.0
Wayne County,54099,2018,1,6459.0,9.0
Wayne County,54099,2019,1,3560.0,7.5
Webster County,54101,2000,7,5595049.0,372.75
Webster County,54101,2001,9,5831920.0,449.8333333333333
Webster County,54101,2002,9,5674275.0,457.25
Webster County,54101,2003,7,4912553.0,347.0
Webster County,54101,2004,5,4701199.0,377.25
Webster County,54101,2005,5,5090931.0,399.0
Webster County,54101,2006,6,5809219.0,430.0
Webster County,54101,2007,5,5374370.0,435.1666666666667
Webster County,54101,2008,5,5892963.0,442.25
Webster County,54101,2009,5,4857778.0,454.75
Webster County,54101,2010,5,4022561.0,379.6666666666667
Webster County,54101,2011,5,3444115.0,341.5
Webster County,54101,2012,6,2581420.0,310.5833333333333
Webster County,54101,2013,4,2310144.0,247.0
Webster County,54101,2014,5,2062339.0,230.5
Webster County,54101,2015,5,1596491.0,249.25
Webster County,54101,2016,3,294068.0,63.25
Webster County,54101,2018,1,430263.0,41.25
Webster County,54101,2019,2,473575.0,68.75
Webster County,54101,2020,2,142352.0,27.666666666666668
Webster County,54101,2021,1,121674.0,31.0
Webster County,54101,2022,1,196494.0,36.25
Webster County,54101,2023,1,132227.0,34.75
Wetzel County,54103,2000,1,5993666.0,367.5
Wetzel County,54103,2001,1,4910055.0,439.25
Wetzel County,54103,2002,1,4995507.0,409.25
Wetzel County,54103,2003,1,5738542.0,407.75
Wetzel County,54103,2004,1,6245830.0,432.0
Wetzel County,54103,2005,1,6148474.0,468.5
Wetzel County,54103,2006,1,5740172.0,474.25
Wetzel County,54103,2007,1,6502004.0,463.25
Wetzel County,54103,2008,1,5627306.0,428.5
Wetzel County,54103,2009,1,5544554.0,468.25
Wetzel County,54103,2010,1,5499559.0,459.0
Wetzel County,54103,2011,1,5958158.0,531.25
Wetzel County,54103,2012,1,4992046.0,535.5
Wetzel County,54103,2013,1,5700956.0,500.0
Wetzel County,54103,2014,1,6703392.0,481.25
Wetzel County,54103,2015,1,7106441.0,446.5
Wetzel County,54103,2016,1,6586715.0,314.0
Wetzel County,54103,2017,1,7131341.0,361.5
Wetzel County,54103,2018,1,7215143.0,359.0
Wetzel County,54103,2019,1,6808868.0,364.75
Wetzel County,54103,2020,1,4880471.0,306.0
Wetzel County,54103,2021,1,6149291.0,309.5
Wetzel County,54103,2022,1,7039318.0,319.5
Wetzel County,54103,2023,1,7049832.0,333.5
Wetzel County,54103,2024,1,5579207.0,327.0
Wyoming County,54109,2000,19,8091589.0,910.25
Wyoming County,54109,2001,20,6917896.0,881.9166666666666
Wyoming County,54109,2002,20,7587627.0,957.25
Wyoming County,54109,2003,16,5189964.0,630.3333333333334
Wyoming County,54109,2004,20,5025227.0,628.5833333333334
Wyoming County,54109,2005,21,7085412.0,852.0833333333334
Wyoming County,54109,2006,19,6535614.0,814.25
Wyoming County,54109,2007,17,5527755.0,812.0833333333334
Wyoming County,54109,2008,20,5684826.0,1051.0
Wyoming County,54109,2009,17,3492814.0,862.25
Wyoming County,54109,2010,15,4623976.0,1061.5
Wyoming County,54109,2011,20,4964791.0,1157.25
Wyoming County,54109,2012,20,5498021.0,1160.0
Wyoming County,54109,2013,16,6289188.0,1230.75
Wyoming County,54109,2014,10,4807029.0,988.25
Wyoming County,54109,2015,7,4548697.0,892.0
Wyoming County,54109,2016,8,3602308.0,777.3333333333333
Wyoming County,54109,2017,10,4637028.0,898.0
Wyoming County,54109,2018,11,5213918.0,849.75
Wyoming County,54109,2019,10,4757592.0,655.9166666666667
Wyoming County,54109,2020,14,3628217.0,664.8333333333334
Wyoming County,54109,2021,13,4912900.0,747.25
Wyoming County,54109,2022,19,6079421.0,935.9166666666667
Wyoming County,54109,2023,21,6767602.0,1071.75
Wyoming County,54109,2024,23,6672098.0,1213.25
