"GEO_ID","NAME","S0101_C01_001E","S0101_C01_001M","S0101_C02_001E","S0101_C02_001M","S0101_C03_001E","S0101_C03_001M","S0101_C01_002E","S0101_C01_002M","S0101_C02_002E","S0101_C02_002M","S0101_C03_002E","S0101_C03_002M","S0101_C01_003E","S0101_C01_003M","S0101_C02_003E","S0101_C02_003M","S0101_C03_003E","S0101_C03_003M","S0101_C01_004E","S0101_C01_004M","S0101_C02_004E","S0101_C02_004M","S0101_C03_004E","S0101_C03_004M","S0101_C01_005E","S0101_C01_005M","S0101_C02_005E","S0101_C02_005M","S0101_C03_005E","S0101_C03_005M","S0101_C01_006E","S0101_C01_006M","S0101_C02_006E","S0101_C02_006M","S0101_C03_006E","S0101_C03_006M","S0101_C01_007E","S0101_C01_007M","S0101_C02_007E","S0101_C02_007M","S0101_C03_007E","S0101_C03_007M","S0101_C01_008E","S0101_C01_008M","S0101_C02_008E","S0101_C02_008M","S0101_C03_008E","S0101_C03_008M","S0101_C01_009E","S0101_C01_009M","S0101_C02_009E","S0101_C02_009M","S0101_C03_009E","S0101_C03_009M","S0101_C01_010E","S0101_C01_010M","S0101_C02_010E","S0101_C02_010M","S0101_C03_010E","S0101_C03_010M","S0101_C01_011E","S0101_C01_011M","S0101_C02_011E","S0101_C02_011M","S0101_C03_011E","S0101_C03_011M","S0101_C01_012E","S0101_C01_012M","S0101_C02_012E","S0101_C02_012M","S0101_C03_012E","S0101_C03_012M","S0101_C01_013E","S0101_C01_013M","S0101_C02_013E","S0101_C02_013M","S0101_C03_013E","S0101_C03_013M","S0101_C01_014E","S0101_C01_014M","S0101_C02_014E","S0101_C02_014M","S0101_C03_014E","S0101_C03_014M","S0101_C01_015E","S0101_C01_015M","S0101_C02_015E","S0101_C02_015M","S0101_C03_015E","S0101_C03_015M","S0101_C01_016E","S0101_C01_016M","S0101_C02_016E","S0101_C02_016M","S0101_C03_016E","S0101_C03_016M","S0101_C01_017E","S0101_C01_017M","S0101_C02_017E","S0101_C02_017M","S0101_C03_017E","S0101_C03_017M","S0101_C01_018E","S0101_C01_018M","S0101_C02_018E","S0101_C02_018M","S0101_C03_018E","S0101_C03_018M","S0101_C01_019E","S0101_C01_019M","S0101_C02_019E","S0101_C02_019M","S0101_C03_019E","S0101_C03_019M","S0101_C01_020E","S0101_C01_020M","S0101_C02_020E","S0101_C02_020M","S0101_C03_020E","S0101_C03_020M","S0101_C01_021E","S0101_C01_021M","S0101_C02_021E","S0101_C02_021M","S0101_C03_021E","S0101_C03_021M","S0101_C01_022E","S0101_C01_022M","S0101_C02_022E","S0101_C02_022M","S0101_C03_022E","S0101_C03_022M","S0101_C01_023E","S0101_C01_023M","S0101_C02_023E","S0101_C02_023M","S0101_C03_023E","S0101_C03_023M","S0101_C01_024E","S0101_C01_024M","S0101_C02_024E","S0101_C02_024M","S0101_C03_024E","S0101_C03_024M","S0101_C01_025E","S0101_C01_025M","S0101_C02_025E","S0101_C02_025M","S0101_C03_025E","S0101_C03_025M","S0101_C01_026E","S0101_C01_026M","S0101_C02_026E","S0101_C02_026M","S0101_C03_026E","S0101_C03_026M","S0101_C01_027E","S0101_C01_027M","S0101_C02_027E","S0101_C02_027M","S0101_C03_027E","S0101_C03_027M","S0101_C01_028E","S0101_C01_028M","S0101_C02_028E","S0101_C02_028M","S0101_C03_028E","S0101_C03_028M","S0101_C01_029E","S0101_C01_029M","S0101_C02_029E","S0101_C02_029M","S0101_C03_029E","S0101_C03_029M","S0101_C01_030E","S0101_C01_030M","S0101_C02_030E","S0101_C02_030M","S0101_C03_030E","S0101_C03_030M","S0101_C01_031E","S0101_C01_031M","S0101_C02_031E","S0101_C02_031M","S0101_C03_031E","S0101_C03_031M","S0101_C01_032E","S0101_C01_032M","S0101_C02_032E","S0101_C02_032M","S0101_C03_032E","S0101_C03_032M","S0101_C01_033E","S0101_C01_033M","S0101_C02_033E","S0101_C02_033M","S0101_C03_033E","S0101_C03_033M","S0101_C01_034E","S0101_C01_034M","S0101_C02_034E","S0101_C02_034M","S0101_C03_034E","S0101_C03_034M","S0101_C01_035E","S0101_C01_035M","S0101_C02_035E","S0101_C02_035M","S0101_C03_035E","S0101_C03_035M","S0101_C01_036E","S0101_C01_036M","S0101_C02_036E","S0101_C02_036M","S0101_C03_036E","S0101_C03_036M",
"Geography","Geographic Area Name","Total!!Estimate!!Total population","Total!!Margin of Error!!Total population","Male!!Estimate!!Total population","Male!!Margin of Error!!Total population","Female!!Estimate!!Total population","Female!!Margin of Error!!Total population","Total!!Estimate!!AGE!!Under 5 years","Total!!Margin of Error!!AGE!!Under 5 years","Male!!Estimate!!AGE!!Under 5 years","Male!!Margin of Error!!AGE!!Under 5 years","Female!!Estimate!!AGE!!Under 5 years","Female!!Margin of Error!!AGE!!Under 5 years","Total!!Estimate!!AGE!!5 to 9 years","Total!!Margin of Error!!AGE!!5 to 9 years","Male!!Estimate!!AGE!!5 to 9 years","Male!!Margin of Error!!AGE!!5 to 9 years","Female!!Estimate!!AGE!!5 to 9 years","Female!!Margin of Error!!AGE!!5 to 9 years","Total!!Estimate!!AGE!!10 to 14 years","Total!!Margin of Error!!AGE!!10 to 14 years","Male!!Estimate!!AGE!!10 to 14 years","Male!!Margin of Error!!AGE!!10 to 14 years","Female!!Estimate!!AGE!!10 to 14 years","Female!!Margin of Error!!AGE!!10 to 14 years","Total!!Estimate!!AGE!!15 to 19 years","Total!!Margin of Error!!AGE!!15 to 19 years","Male!!Estimate!!AGE!!15 to 19 years","Male!!Margin of Error!!AGE!!15 to 19 years","Female!!Estimate!!AGE!!15 to 19 years","Female!!Margin of Error!!AGE!!15 to 19 years","Total!!Estimate!!AGE!!20 to 24 years","Total!!Margin of Error!!AGE!!20 to 24 years","Male!!Estimate!!AGE!!20 to 24 years","Male!!Margin of Error!!AGE!!20 to 24 years","Female!!Estimate!!AGE!!20 to 24 years","Female!!Margin of Error!!AGE!!20 to 24 years","Total!!Estimate!!AGE!!25 to 29 years","Total!!Margin of Error!!AGE!!25 to 29 years","Male!!Estimate!!AGE!!25 to 29 years","Male!!Margin of Error!!AGE!!25 to 29 years","Female!!Estimate!!AGE!!25 to 29 years","Female!!Margin of Error!!AGE!!25 to 29 years","Total!!Estimate!!AGE!!30 to 34 years","Total!!Margin of Error!!AGE!!30 to 34 years","Male!!Estimate!!AGE!!30 to 34 years","Male!!Margin of Error!!AGE!!30 to 34 years","Female!!Estimate!!AGE!!30 to 34 years","Female!!Margin of Error!!AGE!!30 to 34 years","Total!!Estimate!!AGE!!35 to 39 years","Total!!Margin of Error!!AGE!!35 to 39 years","Male!!Estimate!!AGE!!35 to 39 years","Male!!Margin of Error!!AGE!!35 to 39 years","Female!!Estimate!!AGE!!35 to 39 years","Female!!Margin of Error!!AGE!!35 to 39 years","Total!!Estimate!!AGE!!40 to 44 years","Total!!Margin of Error!!AGE!!40 to 44 years","Male!!Estimate!!AGE!!40 to 44 years","Male!!Margin of Error!!AGE!!40 to 44 years","Female!!Estimate!!AGE!!40 to 44 years","Female!!Margin of Error!!AGE!!40 to 44 years","Total!!Estimate!!AGE!!45 to 49 years","Total!!Margin of Error!!AGE!!45 to 49 years","Male!!Estimate!!AGE!!45 to 49 years","Male!!Margin of Error!!AGE!!45 to 49 years","Female!!Estimate!!AGE!!45 to 49 years","Female!!Margin of Error!!AGE!!45 to 49 years","Total!!Estimate!!AGE!!50 to 54 years","Total!!Margin of Error!!AGE!!50 to 54 years","Male!!Estimate!!AGE!!50 to 54 years","Male!!Margin of Error!!AGE!!50 to 54 years","Female!!Estimate!!AGE!!50 to 54 years","Female!!Margin of Error!!AGE!!50 to 54 years","Total!!Estimate!!AGE!!55 to 59 years","Total!!Margin of Error!!AGE!!55 to 59 years","Male!!Estimate!!AGE!!55 to 59 years","Male!!Margin of Error!!AGE!!55 to 59 years","Female!!Estimate!!AGE!!55 to 59 years","Female!!Margin of Error!!AGE!!55 to 59 years","Total!!Estimate!!AGE!!60 to 64 years","Total!!Margin of Error!!AGE!!60 to 64 years","Male!!Estimate!!AGE!!60 to 64 years","Male!!Margin of Error!!AGE!!60 to 64 years","Female!!Estimate!!AGE!!60 to 64 years","Female!!Margin of Error!!AGE!!60 to 64 years","Total!!Estimate!!AGE!!65 to 69 years","Total!!Margin of Error!!AGE!!65 to 69 years","Male!!Estimate!!AGE!!65 to 69 years","Male!!Margin of Error!!AGE!!65 to 69 years","Female!!Estimate!!AGE!!65 to 69 years","Female!!Margin of Error!!AGE!!65 to 69 years","Total!!Estimate!!AGE!!70 to 74 years","Total!!Margin of Error!!AGE!!70 to 74 years","Male!!Estimate!!AGE!!70 to 74 years","Male!!Margin of Error!!AGE!!70 to 74 years","Female!!Estimate!!AGE!!70 to 74 years","Female!!Margin of Error!!AGE!!70 to 74 years","Total!!Estimate!!AGE!!75 to 79 years","Total!!Margin of Error!!AGE!!75 to 79 years","Male!!Estimate!!AGE!!75 to 79 years","Male!!Margin of Error!!AGE!!75 to 79 years","Female!!Estimate!!AGE!!75 to 79 years","Female!!Margin of Error!!AGE!!75 to 79 years","Total!!Estimate!!AGE!!80 to 84 years","Total!!Margin of Error!!AGE!!80 to 84 years","Male!!Estimate!!AGE!!80 to 84 years","Male!!Margin of Error!!AGE!!80 to 84 years","Female!!Estimate!!AGE!!80 to 84 years","Female!!Margin of Error!!AGE!!80 to 84 years","Total!!Estimate!!AGE!!85 years and over","Total!!Margin of Error!!AGE!!85 years and over","Male!!Estimate!!AGE!!85 years and over","Male!!Margin of Error!!AGE!!85 years and over","Female!!Estimate!!AGE!!85 years and over","Female!!Margin of Error!!AGE!!85 years and over","Total!!Estimate!!SELECTED AGE CATEGORIES!!5 to 14 years","Total!!Margin of Error!!SELECTED AGE CATEGORIES!!5 to 14 years","Male!!Estimate!!SELECTED AGE CATEGORIES!!5 to 14 years","Male!!Margin of Error!!SELECTED AGE CATEGORIES!!5 to 14 years","Female!!Estimate!!SELECTED AGE CATEGORIES!!5 to 14 years","Female!!Margin of Error!!SELECTED AGE CATEGORIES!!5 to 14 years","Total!!Estimate!!SELECTED AGE CATEGORIES!!15 to 17 years","Total!!Margin of Error!!SELECTED AGE CATEGORIES!!15 to 17 years","Male!!Estimate!!SELECTED AGE CATEGORIES!!15 to 17 years","Male!!Margin of Error!!SELECTED AGE CATEGORIES!!15 to 17 years","Female!!Estimate!!SELECTED AGE CATEGORIES!!15 to 17 years","Female!!Margin of Error!!SELECTED AGE CATEGORIES!!15 to 17 years","Total!!Estimate!!SELECTED AGE CATEGORIES!!18 to 24 years","Total!!Margin of Error!!SELECTED AGE CATEGORIES!!18 to 24 years","Male!!Estimate!!SELECTED AGE CATEGORIES!!18 to 24 years","Male!!Margin of Error!!SELECTED AGE CATEGORIES!!18 to 24 years","Female!!Estimate!!SELECTED AGE CATEGORIES!!18 to 24 years","Female!!Margin of Error!!SELECTED AGE CATEGORIES!!18 to 24 years","Total!!Estimate!!SELECTED AGE CATEGORIES!!15 to 44 years","Total!!Margin of Error!!SELECTED AGE CATEGORIES!!15 to 44 years","Male!!Estimate!!SELECTED AGE CATEGORIES!!15 to 44 years","Male!!Margin of Error!!SELECTED AGE CATEGORIES!!15 to 44 years","Female!!Estimate!!SELECTED AGE CATEGORIES!!15 to 44 years","Female!!Margin of Error!!SELECTED AGE CATEGORIES!!15 to 44 years","Total!!Estimate!!SELECTED AGE CATEGORIES!!16 years and over","Total!!Margin of Error!!SELECTED AGE CATEGORIES!!16 years and over","Male!!Estimate!!SELECTED AGE CATEGORIES!!16 years and over","Male!!Margin of Error!!SELECTED AGE CATEGORIES!!16 years and over","Female!!Estimate!!SELECTED AGE CATEGORIES!!16 years and over","Female!!Margin of Error!!SELECTED AGE CATEGORIES!!16 years and over","Total!!Estimate!!SELECTED AGE CATEGORIES!!18 years and over","Total!!Margin of Error!!SELECTED AGE CATEGORIES!!18 years and over","Male!!Estimate!!SELECTED AGE CATEGORIES!!18 years and over","Male!!Margin of Error!!SELECTED AGE CATEGORIES!!18 years and over","Female!!Estimate!!SELECTED AGE CATEGORIES!!18 years and over","Female!!Margin of Error!!SELECTED AGE CATEGORIES!!18 years and over","Total!!Estimate!!SELECTED AGE CATEGORIES!!60 years and over","Total!!Margin of Error!!SELECTED AGE CATEGORIES!!60 years and over","Male!!Estimate!!SELECTED AGE CATEGORIES!!60 years and over","Male!!Margin of Error!!SELECTED AGE CATEGORIES!!60 years and over","Female!!Estimate!!SELECTED AGE CATEGORIES!!60 years and over","Female!!Margin of Error!!SELECTED AGE CATEGORIES!!60 years and over","Total!!Estimate!!SELECTED AGE CATEGORIES!!62 years and over","Total!!Margin of Error!!SELECTED AGE CATEGORIES!!62 years and over","Male!!Estimate!!SELECTED AGE CATEGORIES!!62 years and over","Male!!Margin of Error!!SELECTED AGE CATEGORIES!!62 years and over","Female!!Estimate!!SELECTED AGE CATEGORIES!!62 years and over","Female!!Margin of Error!!SELECTED AGE CATEGORIES!!62 years and over","Total!!Estimate!!SELECTED AGE CATEGORIES!!65 years and over","Total!!Margin of Error!!SELECTED AGE CATEGORIES!!65 years and over","Male!!Estimate!!SELECTED AGE CATEGORIES!!65 years and over","Male!!Margin of Error!!SELECTED AGE CATEGORIES!!65 years and over","Female!!Estimate!!SELECTED AGE CATEGORIES!!65 years and over","Female!!Margin of Error!!SELECTED AGE CATEGORIES!!65 years and over","Total!!Estimate!!SELECTED AGE CATEGORIES!!75 years and over","Total!!Margin of Error!!SELECTED AGE CATEGORIES!!75 years and over","Male!!Estimate!!SELECTED AGE CATEGORIES!!75 years and over","Male!!Margin of Error!!SELECTED AGE CATEGORIES!!75 years and over","Female!!Estimate!!SELECTED AGE CATEGORIES!!75 years and over","Female!!Margin of Error!!SELECTED AGE CATEGORIES!!75 years and over","Total!!Estimate!!SUMMARY INDICATORS!!Median age (years)","Total!!Margin of Error!!SUMMARY INDICATORS!!Median age (years)","Male!!Estimate!!SUMMARY INDICATORS!!Median age (years)","Male!!Margin of Error!!SUMMARY INDICATORS!!Median age (years)","Female!!Estimate!!SUMMARY INDICATORS!!Median age (years)","Female!!Margin of Error!!SUMMARY INDICATORS!!Median age (years)","Total!!Estimate!!SUMMARY INDICATORS!!Sex ratio (males per 100 females)","Total!!Margin of Error!!SUMMARY INDICATORS!!Sex ratio (males per 100 females)","Male!!Estimate!!SUMMARY INDICATORS!!Sex ratio (males per 100 females)","Male!!Margin of Error!!SUMMARY INDICATORS!!Sex ratio (males per 100 females)","Female!!Estimate!!SUMMARY INDICATORS!!Sex ratio (males per 100 females)","Female!!Margin of Error!!SUMMARY INDICATORS!!Sex ratio (males per 100 females)","Total!!Estimate!!SUMMARY INDICATORS!!Age dependency ratio","Total!!Margin of Error!!SUMMARY INDICATORS!!Age dependency ratio","Male!!Estimate!!SUMMARY INDICATORS!!Age dependency ratio","Male!!Margin of Error!!SUMMARY INDICATORS!!Age dependency ratio","Female!!Estimate!!SUMMARY INDICATORS!!Age dependency ratio","Female!!Margin of Error!!SUMMARY INDICATORS!!Age dependency ratio","Total!!Estimate!!SUMMARY INDICATORS!!Old-age dependency ratio","Total!!Margin of Error!!SUMMARY INDICATORS!!Old-age dependency ratio","Male!!Estimate!!SUMMARY INDICATORS!!Old-age dependency ratio","Male!!Margin of Error!!SUMMARY INDICATORS!!Old-age dependency ratio","Female!!Estimate!!SUMMARY INDICATORS!!Old-age dependency ratio","Female!!Margin of Error!!SUMMARY INDICATORS!!Old-age dependency ratio","Total!!Estimate!!SUMMARY INDICATORS!!Child dependency ratio","Total!!Margin of Error!!SUMMARY INDICATORS!!Child dependency ratio","Male!!Estimate!!SUMMARY INDICATORS!!Child dependency ratio","Male!!Margin of Error!!SUMMARY INDICATORS!!Child dependency ratio","Female!!Estimate!!SUMMARY INDICATORS!!Child dependency ratio","Female!!Margin of Error!!SUMMARY INDICATORS!!Child dependency ratio","Total!!Estimate!!PERCENT IMPUTED!!Sex","Total!!Margin of Error!!PERCENT IMPUTED!!Sex","Male!!Estimate!!PERCENT IMPUTED!!Sex","Male!!Margin of Error!!PERCENT IMPUTED!!Sex","Female!!Estimate!!PERCENT IMPUTED!!Sex","Female!!Margin of Error!!PERCENT IMPUTED!!Sex","Total!!Estimate!!PERCENT IMPUTED!!Age","Total!!Margin of Error!!PERCENT IMPUTED!!Age","Male!!Estimate!!PERCENT IMPUTED!!Age","Male!!Margin of Error!!PERCENT IMPUTED!!Age","Female!!Estimate!!PERCENT IMPUTED!!Age","Female!!Margin of Error!!PERCENT IMPUTED!!Age",
"0500000US54001","Barbour County, West Virginia","16731","*****","8142","58","8589","58","5.1","0.1","5.4","0.2","4.9","0.2","6.2","1.0","6.2","1.5","6.2","1.2","5.9","1.0","6.5","1.5","5.3","1.3","7.3","0.2","7.8","0.4","6.9","0.2","7.4","0.3","6.8","0.3","7.9","0.6","5.0","0.1","4.9","0.2","5.1","0.1","5.3","0.2","5.1","0.1","5.5","0.4","5.9","0.8","5.2","1.4","6.6","1.1","5.9","0.8","6.7","1.4","5.1","1.1","6.6","0.3","7.0","0.6","6.2","0.1","7.3","0.1","7.3","0.1","7.3","0.2","6.1","0.8","6.3","1.2","6.0","0.9","7.8","0.8","7.9","1.2","7.7","1.0","6.0","0.6","5.8","0.9","6.2","0.8","4.7","0.6","4.8","0.8","4.6","1.0","2.6","0.6","2.8","0.7","2.5","0.9","1.9","0.6","2.0","0.8","1.9","0.9","2.9","0.6","1.4","0.5","4.3","1.0","12.1","0.5","12.7","0.3","11.5","0.7","3.7","0.1","4.0","0.2","3.4","0.1","11.0","0.3","10.6","0.5","11.4","0.6","36.8","0.3","36.5","0.4","37.0","0.6","81.5","0.6","80.5","0.7","82.4","0.8","79.1","0.6","77.9","0.5","80.3","0.7","26.0","0.9","24.8","1.2","27.2","1.2","22.6","0.9","21.1","1.2","24.0","1.1","18.2","0.6","16.9","0.4","19.5","0.8","7.5","0.2","6.3","0.1","8.6","0.4","41.5","1.2","40.9","0.8","42.1","0.8","94.8","1.3","(X)","(X)","(X)","(X)","64.2","1.5","(X)","(X)","(X)","(X)","29.9","1.1","(X)","(X)","(X)","(X)","34.3","1.1","(X)","(X)","(X)","(X)","0.1","(X)","(X)","(X)","(X)","(X)","0.8","(X)","(X)","(X)","(X)","(X)",
"0500000US54003","Berkeley County, West Virginia","108724","*****","53507","135","55217","135","6.4","0.1","6.7","0.2","6.1","0.1","6.7","0.4","6.8","0.7","6.5","0.4","7.2","0.4","7.4","0.7","7.0","0.5","6.3","0.3","6.5","0.3","6.2","0.3","5.8","0.2","5.9","0.3","5.8","0.3","6.4","0.2","6.1","0.2","6.6","0.2","6.7","0.2","6.5","0.3","6.8","0.2","6.4","0.5","6.4","0.7","6.4","0.7","7.7","0.5","7.8","0.7","7.7","0.7","7.4","0.1","7.5","0.2","7.3","0.2","7.4","0.1","7.5","0.2","7.2","0.1","6.8","0.4","6.7","0.6","6.8","0.6","6.1","0.5","6.1","0.6","6.0","0.6","4.7","0.3","4.6","0.4","4.8","0.5","3.3","0.3","3.2","0.4","3.4","0.5","2.0","0.2","2.0","0.3","2.0","0.3","1.5","0.2","1.3","0.3","1.7","0.3","1.3","0.2","1.0","0.3","1.6","0.3","13.9","0.1","14.2","0.1","13.6","0.2","4.1","0.1","4.1","0.2","4.1","0.2","8.1","0.2","8.2","0.2","7.9","0.2","39.3","0.2","39.2","0.4","39.5","0.3","78.2","0.2","77.3","0.4","79.1","0.2","75.6","0.1","75.0","0.2","76.3","0.2","18.9","0.4","18.2","0.6","19.5","0.6","16.3","0.4","15.5","0.5","17.1","0.5","12.8","0.1","12.1","0.1","13.5","0.2","4.8","0.1","4.3","0.2","5.3","0.2","38.4","0.3","38.0","0.6","38.6","0.3","96.9","0.5","(X)","(X)","(X)","(X)","59.1","0.3","(X)","(X)","(X)","(X)","20.4","0.2","(X)","(X)","(X)","(X)","38.8","0.1","(X)","(X)","(X)","(X)","0.1","(X)","(X)","(X)","(X)","(X)","1.3","(X)","(X)","(X)","(X)","(X)",
"0500000US54005","Boone County, West Virginia","24000","*****","11917","56","12083","56","5.9","0.1","6.3","0.2","5.5","0.2","7.2","0.7","7.8","1.0","6.6","0.9","5.4","0.7","5.4","1.0","5.4","0.9","6.2","0.2","6.5","0.2","5.8","0.3","5.3","0.1","5.7","0.3","4.9","0.1","5.1","0.2","5.1","0.3","5.0","0.2","5.6","0.1","5.3","0.1","5.8","0.1","6.4","0.8","6.5","1.2","6.2","1.1","7.7","0.8","7.6","1.2","7.7","1.1","6.5","0.1","6.6","0.1","6.4","0.1","7.1","0.1","7.2","0.2","7.1","0.2","8.2","0.8","8.2","1.0","8.3","1.1","7.5","0.8","7.1","1.0","7.8","1.0","4.9","0.6","5.2","0.8","4.6","0.8","4.6","0.6","4.1","0.8","5.0","0.8","2.6","0.6","2.1","0.6","3.1","0.9","2.3","0.5","2.1","0.6","2.6","0.7","1.6","0.4","1.1","0.5","2.1","0.6","12.6","0.1","13.2","0.2","12.0","0.2","4.2","0.1","4.3","0.2","4.0","0.3","7.3","0.2","7.9","0.3","6.8","0.1","36.2","0.2","36.7","0.3","35.6","0.3","80.1","0.3","79.2","0.6","81.0","0.5","77.4","0.2","76.2","0.3","78.5","0.3","23.5","0.8","21.8","1.1","25.2","1.1","20.5","0.8","19.0","1.0","21.9","1.1","16.0","0.2","14.7","0.2","17.4","0.3","6.6","0.2","5.3","0.2","7.8","0.3","41.9","0.6","41.2","0.7","43.2","0.6","98.6","0.9","(X)","(X)","(X)","(X)","63.1","0.5","(X)","(X)","(X)","(X)","26.2","0.3","(X)","(X)","(X)","(X)","36.9","0.5","(X)","(X)","(X)","(X)","0.1","(X)","(X)","(X)","(X)","(X)","1.1","(X)","(X)","(X)","(X)","(X)",
"0500000US54007","Braxton County, West Virginia","14466","*****","7256","49","7210","49","5.4","0.1","5.4","0.1","5.5","0.1","5.6","1.0","5.5","1.1","5.7","1.4","5.8","1.1","5.8","1.2","5.8","1.5","5.6","0.6","5.7","0.3","5.4","1.1","5.6","0.5","5.6","0.1","5.6","0.9","5.4","0.2","5.8","0.3","5.0","0.1","5.3","0.1","5.6","0.2","5.0","0.1","4.7","0.8","5.5","1.3","3.8","1.1","7.0","0.9","6.0","1.3","8.0","1.1","6.9","0.2","7.2","0.3","6.7","0.1","7.7","0.3","7.8","0.1","7.6","0.6","7.9","1.1","8.3","1.5","7.5","1.4","7.8","1.1","7.5","1.5","8.2","1.3","6.0","0.9","4.8","1.3","7.2","1.1","5.5","0.9","6.8","1.2","4.3","1.0","3.4","0.8","2.7","0.8","4.1","1.2","2.7","0.7","3.1","0.9","2.4","1.1","1.7","0.6","1.1","0.6","2.4","0.9","11.4","0.3","11.3","0.4","11.5","0.5","3.7","0.2","3.6","0.3","3.9","0.4","7.4","0.2","7.7","0.2","7.2","0.2","33.5","0.4","34.2","0.5","32.7","0.4","82.4","0.5","82.2","0.7","82.7","0.6","79.5","0.4","79.8","0.5","79.2","0.5","27.2","1.0","25.9","1.5","28.6","1.3","24.5","1.0","23.5","1.3","25.4","1.2","19.4","0.2","18.4","0.3","20.4","0.2","7.9","0.2","6.9","0.1","8.9","0.1","44.5","0.8","43.7","0.6","45.3","0.5","100.6","1.4","(X)","(X)","(X)","(X)","66.5","1.2","(X)","(X)","(X)","(X)","32.3","0.5","(X)","(X)","(X)","(X)","34.2","0.8","(X)","(X)","(X)","(X)","0.0","(X)","(X)","(X)","(X)","(X)","0.7","(X)","(X)","(X)","(X)","(X)",
"0500000US54009","Brooke County, West Virginia","23665","*****","11537","97","12128","97","4.1","0.1","4.5","0.2","3.7","0.1","4.9","0.7","5.9","1.0","3.9","1.0","5.5","0.7","5.4","0.9","5.6","0.9","7.6","0.5","8.5","1.0","6.7","0.6","6.5","0.5","5.7","0.9","7.2","0.5","4.5","0.2","5.0","0.4","4.1","0.1","4.6","0.1","4.6","0.1","4.5","0.1","4.7","0.8","4.2","1.1","5.2","1.2","7.0","0.9","7.9","1.3","6.2","1.2","6.4","0.2","6.7","0.4","6.2","0.1","7.5","0.1","7.5","0.1","7.6","0.3","7.3","0.9","7.5","1.1","7.2","1.1","8.9","0.9","8.7","1.2","9.0","1.1","6.6","0.6","6.3","0.8","7.0","0.8","4.2","0.6","3.9","0.8","4.5","0.8","4.3","0.7","4.1","0.9","4.5","1.1","2.7","0.5","2.3","0.8","3.1","0.7","2.8","0.8","1.4","0.9","4.0","1.0","10.4","0.2","11.3","0.3","9.5","0.1","3.8","0.2","3.7","0.2","3.9","0.5","10.2","0.3","10.5","0.6","10.0","0.5","34.8","0.3","35.9","0.6","33.9","0.5","84.3","0.5","83.1","0.8","85.4","0.7","81.7","0.1","80.5","0.6","82.9","0.5","29.4","0.9","26.7","1.2","32.1","1.1","25.0","0.8","21.6","0.9","28.2","1.1","20.6","0.2","18.0","0.2","23.0","0.4","9.7","0.1","7.8","0.1","11.6","0.1","45.9","0.4","44.1","0.6","48.0","0.5","95.1","1.6","(X)","(X)","(X)","(X)","63.5","0.6","(X)","(X)","(X)","(X)","33.6","0.4","(X)","(X)","(X)","(X)","29.8","0.3","(X)","(X)","(X)","(X)","0.0","(X)","(X)","(X)","(X)","(X)","0.7","(X)","(X)","(X)","(X)","(X)",
"0500000US54011","Cabell County, West Virginia","96824","*****","47123","140","49701","140","5.9","0.1","6.1","0.1","5.7","0.1","4.9","0.4","5.1","0.4","4.7","0.6","6.0","0.4","6.5","0.4","5.5","0.6","6.7","0.2","6.8","0.3","6.6","0.2","9.7","0.2","9.6","0.3","9.7","0.2","6.4","0.2","6.8","0.3","6.1","0.2","6.7","0.1","7.1","0.2","6.2","0.2","5.8","0.4","5.9","0.6","5.6","0.5","5.9","0.4","6.1","0.6","5.7","0.5","5.9","0.1","6.0","0.2","5.7","0.2","6.5","0.2","6.6","0.2","6.5","0.2","6.4","0.4","6.4","0.6","6.5","0.6","6.7","0.4","6.6","0.6","6.7","0.6","5.3","0.3","5.3","0.4","5.3","0.4","3.8","0.3","3.4","0.4","4.1","0.4","3.1","0.3","2.8","0.3","3.5","0.4","2.1","0.3","1.7","0.3","2.5","0.4","2.4","0.3","1.3","0.3","3.4","0.4","10.8","0.1","11.5","0.2","10.2","0.2","3.2","0.1","3.3","0.2","3.1","0.1","13.1","0.2","13.1","0.3","13.2","0.1","41.1","0.2","42.4","0.3","40.0","0.3","82.3","0.2","81.4","0.4","83.1","0.3","80.1","0.1","79.1","0.2","81.0","0.2","23.3","0.4","21.0","0.5","25.5","0.6","20.2","0.4","17.7","0.6","22.6","0.5","16.6","0.1","14.4","0.1","18.8","0.1","7.6","0.1","5.7","0.1","9.3","0.1","38.5","0.3","36.9","0.4","39.9","0.4","94.8","0.5","(X)","(X)","(X)","(X)","57.7","0.2","(X)","(X)","(X)","(X)","26.2","0.1","(X)","(X)","(X)","(X)","31.4","0.1","(X)","(X)","(X)","(X)","0.1","(X)","(X)","(X)","(X)","(X)","1.2","(X)","(X)","(X)","(X)","(X)",
"0500000US54013","Calhoun County, West Virginia","7557","*****","3783","89","3774","89","3.8","1.3","2.4","1.4","5.2","2.1","5.8","1.7","6.6","2.1","5.0","2.1","6.6","1.7","6.6","2.5","6.5","2.2","4.7","0.4","5.3","0.1","4.1","0.9","6.8","0.7","4.7","0.1","8.8","1.4","3.3","0.6","5.1","0.2","1.6","1.3","5.4","0.4","5.7","0.1","5.1","0.1","5.0","1.3","4.8","1.8","5.2","1.8","6.8","1.3","7.1","1.7","6.5","1.7","7.1","0.1","6.8","0.2","7.4","0.3","8.0","0.2","8.4","0.4","7.6","0.3","8.3","1.6","6.6","2.0","10.0","2.2","8.3","1.5","10.2","2.1","6.5","2.1","5.9","1.3","6.2","1.7","5.6","1.7","5.6","1.3","6.4","1.8","4.8","1.6","4.2","1.1","3.6","1.3","4.8","1.4","2.1","0.7","2.1","1.0","2.1","1.0","2.2","1.0","1.6","1.1","2.9","1.5","12.4","1.3","13.2","2.3","11.6","0.7","3.5","0.2","3.5","0.1","3.6","0.4","8.0","0.7","6.6","0.2","9.4","1.3","31.9","0.2","32.6","0.8","31.3","0.7","83.3","0.5","83.8","2.0","82.8","2.1","80.3","0.3","80.9","1.8","79.6","1.8","28.4","1.6","30.0","2.2","26.9","2.3","26.4","1.5","27.3","2.1","25.5","2.1","20.1","0.4","19.8","0.7","20.3","0.7","8.5","0.3","7.2","0.4","9.9","0.5","47.0","0.5","47.6","1.2","46.5","1.1","100.2","4.7","(X)","(X)","(X)","(X)","66.2","0.9","(X)","(X)","(X)","(X)","33.4","0.7","(X)","(X)","(X)","(X)","32.8","0.7","(X)","(X)","(X)","(X)","0.0","(X)","(X)","(X)","(X)","(X)","0.6","(X)","(X)","(X)","(X)","(X)",
"0500000US54015","Clay County, West Virginia","9141","*****","4578","52","4563","52","6.0","0.3","6.1","0.1","5.9","0.1","7.6","1.0","6.6","1.7","8.5","1.3","4.9","1.0","6.3","1.7","3.6","1.3","6.7","0.9","5.9","0.1","7.5","1.8","4.5","0.8","5.0","0.1","4.0","1.6","4.4","0.3","4.3","0.1","4.4","0.1","5.8","0.4","6.1","0.7","5.5","0.1","5.1","1.2","4.4","1.7","5.9","1.8","7.3","1.3","7.3","1.7","7.3","1.8","6.8","0.3","6.8","0.1","6.8","0.1","7.8","0.3","8.1","0.6","7.4","0.1","9.1","1.3","9.8","1.9","8.4","1.8","6.0","1.3","5.5","1.9","6.5","1.6","6.4","1.0","5.9","1.4","7.0","1.3","4.1","1.0","5.1","1.3","3.0","1.3","3.3","0.7","3.9","1.1","2.8","1.1","2.4","0.7","2.0","1.0","2.9","1.0","1.7","0.6","0.7","0.5","2.7","1.0","12.5","0.3","13.0","0.1","12.1","0.1","4.2","0.4","3.8","0.1","4.7","0.8","6.9","0.3","7.1","0.1","6.7","0.1","33.7","0.6","33.0","0.6","34.5","1.1","80.0","0.5","80.1","0.6","79.8","0.9","77.2","0.4","77.2","0.3","77.3","0.7","24.0","1.3","23.2","2.0","24.9","1.6","22.0","1.4","21.3","1.7","22.8","1.7","18.0","0.3","17.6","0.5","18.3","0.2","7.5","0.2","6.6","0.3","8.3","0.1","43.3","0.5","43.4","0.6","43.3","0.8","100.3","2.3","(X)","(X)","(X)","(X)","68.8","1.0","(X)","(X)","(X)","(X)","30.4","0.5","(X)","(X)","(X)","(X)","38.4","0.9","(X)","(X)","(X)","(X)","0.0","(X)","(X)","(X)","(X)","(X)","0.5","(X)","(X)","(X)","(X)","(X)",
"0500000US54017","Doddridge County, West Virginia","8201","*****","4375","91","3826","91","4.0","0.1","3.1","1.0","5.0","1.2","4.8","0.9","4.1","1.5","5.5","1.7","6.0","1.1","5.6","1.5","6.5","2.0","7.0","1.1","7.0","1.8","7.1","1.9","6.2","1.3","9.4","2.0","2.6","1.5","4.8","0.9","4.3","1.6","5.4","1.0","5.9","0.1","6.2","0.3","5.6","0.1","6.1","1.6","7.6","2.4","4.4","1.9","6.6","1.5","5.9","2.2","7.3","1.9","8.0","0.5","8.3","0.5","7.7","0.8","8.0","0.1","7.7","0.3","8.3","0.2","5.7","1.5","6.0","2.1","5.4","2.0","9.7","1.5","8.5","2.0","11.1","2.0","5.9","1.1","6.0","1.6","5.7","1.2","4.9","0.9","4.5","1.3","5.5","1.1","3.2","0.8","2.7","1.1","3.7","1.0","2.1","0.7","2.4","1.1","1.6","0.9","1.1","0.4","0.7","0.6","1.6","0.8","10.8","0.7","9.8","0.2","12.0","1.5","3.8","0.2","4.8","1.0","2.6","1.2","9.5","0.9","11.5","1.6","7.2","0.4","36.7","0.7","40.4","1.2","32.4","1.4","84.2","1.0","85.5","1.4","82.6","1.8","81.4","0.7","82.3","1.2","80.4","2.0","26.9","1.6","24.8","2.2","29.2","2.1","24.2","1.6","23.6","2.3","25.0","2.0","17.2","0.5","16.3","0.9","18.2","0.5","6.4","0.3","5.8","0.1","7.0","0.2","43.7","1.2","41.8","0.9","45.5","1.2","114.3","5.1","(X)","(X)","(X)","(X)","55.6","1.7","(X)","(X)","(X)","(X)","26.8","1.0","(X)","(X)","(X)","(X)","28.9","1.4","(X)","(X)","(X)","(X)","0.0","(X)","(X)","(X)","(X)","(X)","1.1","(X)","(X)","(X)","(X)","(X)",
"0500000US54019","Fayette County, West Virginia","45534","*****","22936","97","22598","97","5.9","0.1","6.1","0.2","5.8","0.2","5.7","0.5","5.7","0.5","5.8","0.8","5.6","0.5","5.7","0.5","5.5","0.7","5.5","0.1","6.1","0.2","4.9","0.1","5.3","0.2","5.6","0.3","4.9","0.2","5.8","0.2","6.3","0.3","5.3","0.3","5.7","0.1","5.9","0.3","5.4","0.1","6.0","0.6","5.5","0.7","6.4","0.8","6.8","0.6","7.8","0.8","5.8","0.8","6.7","0.2","6.8","0.2","6.6","0.3","7.0","0.2","6.6","0.2","7.4","0.2","8.1","0.6","8.0","0.9","8.2","0.7","7.7","0.6","8.0","0.9","7.4","0.7","6.8","0.5","6.7","0.7","6.9","0.6","3.3","0.5","3.0","0.6","3.6","0.6","3.1","0.5","2.6","0.5","3.6","0.7","2.6","0.4","2.1","0.6","3.0","0.6","2.4","0.4","1.3","0.4","3.4","0.7","11.4","0.1","11.4","0.1","11.3","0.2","3.5","0.1","3.8","0.2","3.2","0.1","7.3","0.2","7.9","0.3","6.6","0.2","35.1","0.2","37.3","0.3","32.9","0.2","81.7","0.3","81.7","0.4","81.6","0.5","79.2","0.1","78.7","0.3","79.7","0.2","25.9","0.6","23.8","0.9","28.0","0.7","22.7","0.5","20.5","0.7","24.8","0.6","18.2","0.2","15.8","0.3","20.6","0.1","8.0","0.1","6.0","0.2","10.1","0.1","43.2","0.3","42.0","0.5","45.1","0.2","101.5","0.9","(X)","(X)","(X)","(X)","63.8","0.4","(X)","(X)","(X)","(X)","29.8","0.3","(X)","(X)","(X)","(X)","34.1","0.2","(X)","(X)","(X)","(X)","0.1","(X)","(X)","(X)","(X)","(X)","0.9","(X)","(X)","(X)","(X)","(X)",
"0500000US54021","Gilmer County, West Virginia","8644","*****","5111","202","3533","202","4.2","0.5","3.4","0.1","5.4","0.9","4.7","0.8","4.3","0.9","5.2","1.4","2.6","0.9","1.8","0.7","3.8","1.6","8.3","1.5","7.4","1.9","9.6","2.7","9.7","1.3","9.9","1.7","9.4","2.1","6.8","0.7","8.2","1.1","4.9","0.7","8.4","2.4","10.6","3.6","5.2","0.6","7.5","1.3","9.8","1.7","4.2","1.5","6.4","1.4","7.0","1.9","5.6","1.5","7.5","0.8","8.1","1.0","6.5","1.3","5.9","0.3","5.6","0.5","6.3","0.4","6.6","1.3","4.7","1.5","9.2","2.3","5.8","0.9","6.3","1.3","5.2","1.2","4.3","0.6","3.5","0.9","5.3","1.2","4.6","1.7","4.8","2.9","4.3","1.2","2.4","0.6","2.3","0.9","2.6","1.1","2.4","0.6","1.8","0.8","3.3","1.0","1.9","0.6","0.6","0.5","3.9","1.2","7.3","0.7","6.1","0.7","9.1","0.7","2.6","0.4","2.6","0.9","2.6","1.1","15.4","1.1","14.7","1.6","16.4","1.4","47.2","3.4","52.9","4.5","38.9","1.9","87.0","1.4","88.9","1.5","84.1","1.8","85.9","1.3","87.9","1.4","82.9","1.7","21.4","2.0","19.2","3.6","24.6","1.6","18.8","2.0","16.5","3.5","22.1","1.5","15.6","1.8","12.9","3.3","19.4","1.1","6.7","0.1","4.6","0.2","9.8","0.6","38.4","1.3","37.4","1.3","41.2","1.6","144.7","13.9","(X)","(X)","(X)","(X)","42.3","5.5","(X)","(X)","(X)","(X)","22.1","3.3","(X)","(X)","(X)","(X)","20.1","2.5","(X)","(X)","(X)","(X)","0.1","(X)","(X)","(X)","(X)","(X)","0.8","(X)","(X)","(X)","(X)","(X)",
"0500000US54023","Grant County, West Virginia","11815","*****","5881","86","5934","86","5.2","0.3","4.8","0.2","5.5","0.4","5.3","0.9","7.3","1.5","3.4","1.1","5.9","0.8","4.3","1.4","7.5","1.1","5.7","0.2","6.1","0.4","5.3","0.1","5.2","0.3","5.4","0.6","4.9","0.2","5.1","0.6","4.7","0.1","5.5","1.1","4.9","0.1","4.9","0.1","4.9","0.2","5.8","1.1","4.9","1.5","6.8","1.6","5.8","1.1","6.8","1.5","4.8","1.6","7.0","0.1","7.1","0.1","7.0","0.1","8.1","0.8","8.8","1.6","7.4","0.1","8.8","1.2","9.4","1.7","8.2","1.6","6.0","1.2","5.5","1.7","6.5","1.6","7.2","1.0","8.3","1.1","6.1","1.6","5.5","1.0","4.3","1.2","6.7","1.5","3.2","0.7","3.4","1.1","2.9","0.8","2.5","0.7","2.3","1.0","2.7","0.8","2.8","0.8","1.7","0.9","3.8","1.1","11.3","0.3","11.6","0.4","11.0","0.5","3.8","0.2","4.2","0.4","3.5","0.1","7.0","0.3","7.3","0.6","6.7","0.2","32.5","0.7","32.9","0.6","32.1","0.9","82.1","0.5","81.7","1.1","82.5","0.8","79.7","0.2","79.4","0.7","80.1","0.5","27.1","1.1","25.5","1.8","28.8","1.6","24.7","0.9","23.0","1.3","26.4","1.4","21.1","0.5","20.0","0.7","22.3","0.6","8.4","0.2","7.4","0.4","9.5","0.1","45.6","0.5","45.5","0.7","45.7","0.7","99.1","2.9","(X)","(X)","(X)","(X)","70.6","1.6","(X)","(X)","(X)","(X)","36.1","1.1","(X)","(X)","(X)","(X)","34.6","0.6","(X)","(X)","(X)","(X)","0.0","(X)","(X)","(X)","(X)","(X)","0.4","(X)","(X)","(X)","(X)","(X)",
"0500000US54025","Greenbrier County, West Virginia","35666","*****","17438","103","18228","103","5.2","0.1","5.3","0.2","5.2","0.2","5.4","0.6","5.3","0.9","5.4","0.8","5.5","0.6","5.9","0.9","5.1","0.8","5.4","0.1","6.0","0.3","4.8","0.2","5.6","0.3","6.1","0.5","5.1","0.4","5.4","0.2","5.6","0.4","5.1","0.1","5.6","0.2","5.5","0.2","5.7","0.3","5.3","0.6","5.6","1.0","5.1","0.9","6.3","0.7","5.8","1.0","6.9","0.9","6.8","0.3","7.4","0.6","6.3","0.1","7.3","0.1","7.2","0.1","7.4","0.2","7.9","0.7","8.0","0.9","7.8","1.0","7.6","0.7","7.3","0.9","7.8","1.0","6.9","0.6","6.7","0.8","7.1","0.8","4.8","0.6","4.9","0.8","4.6","0.7","4.3","0.5","3.9","0.6","4.8","0.8","2.5","0.5","2.0","0.5","2.9","0.6","2.2","0.4","1.5","0.5","2.9","0.6","10.9","0.2","11.2","0.2","10.6","0.3","3.5","0.1","3.9","0.2","3.3","0.2","7.4","0.3","8.2","0.5","6.7","0.4","33.6","0.3","34.6","0.6","32.7","0.4","82.2","0.4","81.3","0.7","82.9","0.6","80.3","0.2","79.7","0.3","81.0","0.4","28.3","0.7","26.4","1.0","30.1","1.0","25.3","0.7","23.0","0.9","27.4","1.0","20.7","0.2","19.0","0.4","22.3","0.3","9.0","0.2","7.4","0.3","10.5","0.3","45.3","0.4","44.6","0.4","46.7","0.7","95.7","1.1","(X)","(X)","(X)","(X)","67.7","0.8","(X)","(X)","(X)","(X)","34.7","0.5","(X)","(X)","(X)","(X)","33.0","0.4","(X)","(X)","(X)","(X)","0.0","(X)","(X)","(X)","(X)","(X)","0.7","(X)","(X)","(X)","(X)","(X)",
"0500000US54027","Hampshire County, West Virginia","23542","*****","12085","98","11457","98","4.5","0.1","4.5","0.1","4.6","0.2","5.7","0.9","6.2","1.6","5.1","1.1","6.2","0.9","5.9","1.5","6.5","1.1","6.5","0.3","6.6","0.5","6.4","0.5","5.0","0.6","5.3","1.2","4.7","0.1","5.2","0.8","5.9","1.5","4.5","0.1","5.3","0.1","4.9","0.1","5.6","0.3","4.5","0.9","4.2","1.2","4.9","1.1","7.8","0.9","8.1","1.2","7.6","1.2","7.3","0.2","7.5","0.4","7.1","0.2","7.8","0.2","7.6","0.2","8.0","0.3","7.2","0.8","7.8","1.2","6.5","1.0","8.4","0.8","8.2","1.4","8.7","1.0","6.4","0.7","7.1","0.9","5.8","1.1","5.1","0.7","4.2","0.9","6.0","1.1","3.4","0.5","3.8","0.7","3.0","0.8","1.8","0.5","0.8","0.4","2.8","0.8","1.8","0.5","1.4","0.6","2.3","0.8","11.8","0.3","12.1","0.6","11.6","0.3","4.1","0.1","4.0","0.2","4.2","0.2","7.4","0.6","7.9","1.3","7.0","0.5","34.4","0.5","35.1","1.0","33.7","0.4","82.0","0.6","82.0","0.9","81.9","0.9","79.6","0.3","79.4","0.6","79.7","0.3","26.9","0.8","25.5","1.4","28.5","1.1","24.2","0.8","23.4","1.4","25.0","1.2","18.5","0.2","17.3","0.1","19.8","0.4","7.0","0.2","6.0","0.1","8.0","0.4","44.6","0.3","44.0","0.9","45.1","0.3","105.5","1.8","(X)","(X)","(X)","(X)","63.8","1.0","(X)","(X)","(X)","(X)","30.3","0.5","(X)","(X)","(X)","(X)","33.5","0.7","(X)","(X)","(X)","(X)","0.1","(X)","(X)","(X)","(X)","(X)","1.1","(X)","(X)","(X)","(X)","(X)",
"0500000US54029","Hancock County, West Virginia","30201","*****","14616","94","15585","94","4.8","0.3","5.0","0.5","4.7","0.3","5.7","0.8","6.8","1.5","4.7","0.9","5.5","0.8","5.5","1.3","5.5","1.0","5.7","0.3","6.0","0.5","5.4","0.5","4.8","0.3","5.2","0.6","4.4","0.1","4.8","0.1","4.9","0.2","4.7","0.2","5.4","0.2","5.6","0.4","5.2","0.1","5.3","0.8","4.6","1.0","5.9","0.9","7.3","0.8","8.2","1.0","6.4","1.0","6.6","0.1","6.8","0.2","6.4","0.1","8.0","0.2","7.8","0.1","8.1","0.3","8.9","0.8","7.9","0.9","9.8","1.0","7.5","0.7","8.2","0.9","6.8","1.0","6.0","0.6","5.8","0.8","6.1","0.8","4.3","0.6","4.3","0.8","4.4","0.9","3.2","0.6","2.3","0.5","4.0","0.9","3.5","0.5","2.9","0.7","4.0","0.7","2.8","0.5","2.1","0.5","3.5","0.8","11.2","0.3","12.3","0.6","10.3","0.3","3.8","0.3","3.9","0.4","3.8","0.5","6.6","0.3","7.3","0.6","6.0","0.1","33.2","0.5","34.5","0.5","31.9","0.5","82.4","0.4","80.4","0.7","84.2","0.5","80.1","0.1","78.8","0.5","81.3","0.4","27.3","0.8","25.7","1.0","28.8","1.0","23.9","0.6","21.7","0.7","25.9","0.9","19.8","0.3","17.5","0.3","22.0","0.4","9.5","0.2","7.4","0.2","11.6","0.3","45.6","0.3","44.1","0.7","47.9","0.7","93.8","1.2","(X)","(X)","(X)","(X)","65.9","0.8","(X)","(X)","(X)","(X)","32.9","0.7","(X)","(X)","(X)","(X)","33.0","0.2","(X)","(X)","(X)","(X)","0.0","(X)","(X)","(X)","(X)","(X)","0.7","(X)","(X)","(X)","(X)","(X)",
"0500000US54031","Hardy County, West Virginia","13936","*****","7023","82","6913","82","5.2","0.3","5.6","0.5","4.8","0.4","4.7","1.0","5.5","1.3","3.9","1.2","6.2","0.9","5.9","1.3","6.5","1.2","6.2","0.9","6.2","1.0","6.2","0.9","5.1","0.3","5.2","0.6","4.9","0.2","5.3","0.6","5.0","0.9","5.6","0.9","5.6","0.7","5.9","1.3","5.2","0.4","6.5","1.2","6.4","1.7","6.6","1.6","6.4","1.3","6.6","1.8","6.3","1.5","7.5","0.5","7.8","0.9","7.2","0.4","7.7","0.4","8.1","0.8","7.3","0.1","7.5","1.4","7.8","1.8","7.3","1.9","7.0","1.5","6.2","1.8","7.7","1.9","6.5","1.0","6.5","1.4","6.6","1.0","5.1","1.0","4.9","1.4","5.4","1.0","2.5","0.7","2.6","1.0","2.3","1.0","2.2","0.8","1.6","1.1","2.9","1.3","2.7","0.7","2.2","1.0","3.3","1.1","10.9","0.4","11.4","0.6","10.4","0.4","4.4","0.9","4.4","0.9","4.4","0.9","6.8","0.3","7.0","0.6","6.6","0.2","35.1","0.7","35.4","1.2","34.7","0.9","81.9","0.6","80.7","1.0","83.1","1.0","79.5","0.8","78.6","0.9","80.4","0.9","26.1","1.5","24.0","2.0","28.2","2.0","23.7","1.4","22.2","2.0","25.2","1.7","19.1","0.2","17.8","0.4","20.5","0.6","7.5","0.3","6.5","0.2","8.5","0.5","44.5","0.3","44.2","0.5","45.0","0.3","101.6","2.4","(X)","(X)","(X)","(X)","65.6","2.2","(X)","(X)","(X)","(X)","31.6","0.7","(X)","(X)","(X)","(X)","34.0","1.7","(X)","(X)","(X)","(X)","0.1","(X)","(X)","(X)","(X)","(X)","0.7","(X)","(X)","(X)","(X)","(X)",
"0500000US54033","Harrison County, West Virginia","68998","*****","33680","151","35318","151","5.8","0.1","6.3","0.2","5.3","0.1","6.5","0.5","6.6","0.7","6.3","0.5","5.7","0.4","6.1","0.7","5.2","0.5","5.8","0.2","5.9","0.2","5.8","0.3","5.4","0.1","5.6","0.2","5.2","0.2","5.8","0.1","5.8","0.2","5.7","0.2","6.4","0.2","6.6","0.2","6.3","0.2","6.2","0.5","6.4","0.8","6.1","0.6","6.3","0.5","6.7","0.7","6.0","0.6","6.7","0.1","6.9","0.2","6.5","0.1","7.5","0.1","7.5","0.1","7.5","0.2","7.8","0.4","7.3","0.5","8.2","0.5","6.7","0.4","7.1","0.5","6.4","0.5","5.6","0.4","5.3","0.5","5.9","0.5","3.9","0.4","3.6","0.5","4.1","0.5","3.0","0.3","2.9","0.4","3.1","0.5","2.4","0.3","1.9","0.4","2.8","0.4","2.5","0.3","1.3","0.3","3.6","0.5","12.1","0.2","12.8","0.3","11.5","0.3","3.7","0.1","3.7","0.1","3.7","0.2","7.6","0.2","7.8","0.2","7.3","0.3","36.0","0.2","37.1","0.3","35.0","0.3","80.9","0.2","79.6","0.3","82.2","0.4","78.4","0.1","77.2","0.3","79.5","0.3","24.1","0.4","22.2","0.5","25.9","0.5","21.4","0.4","19.3","0.6","23.3","0.5","17.4","0.1","15.1","0.1","19.5","0.2","7.8","0.1","6.1","0.1","9.5","0.2","42.0","0.4","40.5","0.6","43.5","0.5","95.4","0.8","(X)","(X)","(X)","(X)","63.9","0.5","(X)","(X)","(X)","(X)","28.5","0.3","(X)","(X)","(X)","(X)","35.4","0.2","(X)","(X)","(X)","(X)","0.1","(X)","(X)","(X)","(X)","(X)","0.5","(X)","(X)","(X)","(X)","(X)",
"0500000US54035","Jackson County, West Virginia","29256","*****","14506","131","14750","131","5.8","0.3","6.5","0.6","5.2","0.1","6.5","0.9","6.3","1.2","6.6","1.2","5.8","0.9","6.6","1.1","5.0","1.2","5.9","0.1","6.3","0.1","5.5","0.1","5.4","0.3","5.6","0.1","5.3","0.6","5.1","0.1","5.2","0.3","5.1","0.1","6.0","0.5","6.5","0.9","5.5","0.1","5.9","0.9","5.7","1.3","6.1","1.2","6.3","0.9","6.5","1.3","6.0","1.2","6.7","0.1","6.6","0.1","6.9","0.1","7.5","0.2","7.2","0.1","7.8","0.3","6.4","0.9","6.7","1.3","6.2","1.1","7.8","0.9","7.4","1.3","8.1","1.1","4.6","0.7","4.9","1.0","4.4","0.8","5.4","0.7","4.5","1.0","6.3","0.8","3.8","0.8","3.5","0.9","4.2","1.0","2.2","0.5","1.6","0.6","2.7","0.8","2.7","0.6","2.4","0.8","3.0","0.9","12.3","0.3","12.9","0.4","11.6","0.3","3.8","0.1","4.0","0.1","3.7","0.1","7.5","0.3","7.8","0.1","7.1","0.6","34.6","0.4","35.8","0.7","33.5","0.6","80.7","0.3","79.5","0.6","82.0","0.6","78.0","*****","76.5","0.3","79.5","0.3","26.6","0.9","24.3","1.3","28.7","1.2","23.4","0.9","20.8","1.1","26.0","1.3","18.8","0.4","16.9","0.5","20.6","0.4","8.7","0.4","7.5","0.4","9.9","0.4","42.6","0.3","41.2","1.0","44.1","0.9","98.3","1.8","(X)","(X)","(X)","(X)","68.7","1.1","(X)","(X)","(X)","(X)","31.7","0.9","(X)","(X)","(X)","(X)","37.1","0.3","(X)","(X)","(X)","(X)","0.1","(X)","(X)","(X)","(X)","(X)","0.6","(X)","(X)","(X)","(X)","(X)",
"0500000US54037","Jefferson County, West Virginia","55214","*****","27113","123","28101","123","5.7","0.1","6.0","0.3","5.4","0.3","6.7","0.6","6.7","0.7","6.8","0.9","6.9","0.6","7.1","0.7","6.7","0.8","6.8","0.2","7.1","0.4","6.5","0.4","6.5","0.3","6.2","0.4","6.8","0.4","5.2","0.2","5.0","0.3","5.4","0.3","5.9","0.3","5.9","0.4","5.9","0.3","6.6","0.6","6.1","0.7","7.1","0.7","7.0","0.6","7.1","0.7","6.9","0.7","7.9","0.2","8.3","0.3","7.6","0.2","7.9","0.2","8.2","0.3","7.6","0.2","6.9","0.5","6.7","0.6","7.1","0.6","6.5","0.5","6.7","0.6","6.3","0.6","5.0","0.4","4.8","0.6","5.1","0.5","3.6","0.4","3.8","0.7","3.4","0.5","2.0","0.3","1.8","0.3","2.3","0.4","1.6","0.3","1.6","0.4","1.7","0.4","1.2","0.2","0.9","0.3","1.6","0.3","13.7","0.2","13.8","0.1","13.5","0.4","3.8","0.2","3.8","0.2","3.8","0.4","9.5","0.3","9.5","0.3","9.5","0.4","38.0","0.3","37.4","0.4","38.6","0.5","79.3","0.3","78.9","0.5","79.6","0.6","76.9","0.1","76.4","0.3","77.4","0.4","19.9","0.5","19.5","0.6","20.3","0.7","17.2","0.5","16.6","0.6","17.8","0.6","13.4","0.2","12.8","0.2","14.0","0.2","4.9","0.1","4.3","0.1","5.5","0.2","39.7","0.4","39.9","0.4","39.3","0.9","96.5","0.9","(X)","(X)","(X)","(X)","57.6","0.5","(X)","(X)","(X)","(X)","21.2","0.3","(X)","(X)","(X)","(X)","36.5","0.2","(X)","(X)","(X)","(X)","0.1","(X)","(X)","(X)","(X)","(X)","0.8","(X)","(X)","(X)","(X)","(X)",
"0500000US54039","Kanawha County, West Virginia","190781","*****","91860","59","98921","59","5.6","*****","5.9","0.1","5.4","0.1","5.6","0.2","6.1","0.4","5.2","0.4","5.7","0.3","5.9","0.4","5.6","0.4","5.6","0.1","6.0","0.1","5.3","0.1","5.8","0.1","6.1","0.2","5.5","0.1","6.0","0.1","6.1","0.1","5.9","0.1","6.3","0.1","6.5","0.1","6.1","0.1","6.1","0.3","6.3","0.4","5.9","0.4","6.2","0.3","6.4","0.4","6.1","0.4","6.4","0.1","6.5","0.1","6.3","0.1","7.5","0.1","7.6","0.1","7.5","0.1","8.3","0.3","7.8","0.5","8.7","0.4","7.1","0.3","7.4","0.5","6.8","0.4","5.8","0.2","5.8","0.3","5.9","0.3","3.9","0.2","3.5","0.3","4.3","0.3","3.3","0.2","3.0","0.2","3.6","0.3","2.4","0.2","1.7","0.2","3.0","0.3","2.3","0.2","1.6","0.2","2.9","0.2","11.4","0.1","12.0","0.1","10.8","0.1","3.5","0.1","3.7","0.1","3.3","0.1","7.9","0.1","8.4","0.1","7.5","0.1","36.0","0.1","37.4","0.1","34.7","0.1","81.7","0.1","80.9","0.2","82.5","0.2","79.5","*****","78.4","0.1","80.5","0.1","24.8","0.3","23.0","0.5","26.5","0.4","21.9","0.2","20.1","0.4","23.6","0.3","17.7","0.1","15.5","0.1","19.7","0.1","8.0","0.1","6.3","0.1","9.5","0.1","42.8","0.2","40.9","0.3","44.3","0.2","92.9","0.1","(X)","(X)","(X)","(X)","61.7","0.1","(X)","(X)","(X)","(X)","28.6","0.1","(X)","(X)","(X)","(X)","33.1","0.1","(X)","(X)","(X)","(X)","0.0","(X)","(X)","(X)","(X)","(X)","1.1","(X)","(X)","(X)","(X)","(X)",
"0500000US54041","Lewis County, West Virginia","16434","*****","8181","68","8253","68","6.0","0.3","6.2","0.5","5.9","0.3","6.2","0.9","6.6","1.2","5.8","1.2","5.2","0.9","5.3","1.1","5.1","1.2","5.4","0.4","5.8","0.6","4.9","0.3","5.3","0.1","5.5","0.2","5.1","0.1","5.2","0.2","5.2","0.1","5.2","0.1","6.2","0.4","5.9","0.3","6.5","0.6","6.4","0.8","7.0","1.2","5.9","0.9","6.0","0.8","5.9","1.3","6.1","0.9","7.2","0.3","7.3","0.5","7.0","0.3","7.6","0.2","7.7","0.4","7.4","0.3","7.6","1.0","8.0","1.2","7.2","1.3","7.0","1.0","6.4","1.1","7.6","1.3","5.7","0.6","6.0","0.9","5.5","0.9","5.1","0.6","4.5","0.8","5.7","0.9","3.4","0.6","3.3","0.7","3.5","0.9","2.5","0.5","2.4","0.6","2.5","0.9","2.1","0.5","1.1","0.5","3.1","0.9","11.4","0.3","11.9","0.7","10.8","0.1","3.5","0.3","3.8","0.6","3.1","0.1","7.2","0.2","7.5","0.2","6.9","0.3","34.5","0.4","35.3","0.6","33.7","0.5","80.8","0.4","79.9","0.7","81.8","0.7","79.1","0.2","78.0","0.5","80.2","0.3","25.8","1.0","23.6","1.1","28.0","1.4","23.2","0.9","21.6","1.0","24.8","1.3","18.8","0.2","17.2","0.3","20.3","0.4","8.0","0.1","6.8","0.1","9.2","0.3","43.3","0.7","42.2","0.6","44.7","0.5","99.1","1.6","(X)","(X)","(X)","(X)","65.7","0.6","(X)","(X)","(X)","(X)","31.2","0.5","(X)","(X)","(X)","(X)","34.6","0.4","(X)","(X)","(X)","(X)","0.0","(X)","(X)","(X)","(X)","(X)","1.0","(X)","(X)","(X)","(X)","(X)",
"0500000US54043","Lincoln County, West Virginia","21560","*****","10701","60","10859","60","5.8","0.1","5.8","0.1","5.8","0.1","6.7","1.0","6.0","1.5","7.5","1.2","6.2","1.0","7.7","1.5","4.7","1.2","5.8","0.2","6.0","0.1","5.7","0.4","5.4","0.2","5.4","0.3","5.4","0.2","5.1","0.1","5.1","0.1","5.1","0.1","5.8","0.1","5.7","0.2","6.0","0.1","6.1","1.0","6.0","1.5","6.1","1.4","7.3","0.9","7.5","1.3","7.1","1.4","7.1","0.2","7.2","0.1","7.1","0.3","7.4","0.1","7.4","0.1","7.4","0.1","7.7","0.9","7.0","1.2","8.3","1.3","7.1","0.8","7.5","1.2","6.6","1.2","5.2","0.8","5.6","1.2","4.8","0.9","4.7","0.8","4.4","1.2","5.0","0.9","2.7","0.6","2.4","0.8","3.1","1.0","2.4","0.6","2.8","1.0","2.0","0.8","1.5","0.6","0.6","0.5","2.4","1.0","12.9","0.3","13.6","0.5","12.2","0.4","3.7","0.1","3.9","0.1","3.6","0.1","7.5","0.2","7.4","0.3","7.5","0.3","35.5","0.3","35.7","0.5","35.3","0.3","79.7","0.6","79.2","1.0","80.1","1.0","77.6","0.3","76.6","0.5","78.5","0.3","23.5","0.9","23.2","1.2","23.9","1.2","20.1","0.7","19.9","1.1","20.3","1.0","16.5","0.1","15.7","0.1","17.3","0.2","6.6","0.1","5.7","0.1","7.5","0.2","41.9","0.9","41.4","1.1","42.8","1.3","98.5","1.1","(X)","(X)","(X)","(X)","63.7","0.7","(X)","(X)","(X)","(X)","27.0","0.2","(X)","(X)","(X)","(X)","36.7","0.6","(X)","(X)","(X)","(X)","0.1","(X)","(X)","(X)","(X)","(X)","0.2","(X)","(X)","(X)","(X)","(X)",
"0500000US54045","Logan County, West Virginia","35760","*****","17612","120","18148","120","5.6","0.1","5.8","0.1","5.4","0.3","5.4","0.6","6.2","0.8","4.5","0.8","6.3","0.6","5.7","0.8","6.9","1.0","5.5","0.1","5.8","0.1","5.2","0.1","5.4","0.1","5.6","0.3","5.2","0.2","5.2","0.1","5.5","0.1","4.8","0.1","6.1","0.1","6.2","0.2","6.0","0.2","6.8","0.7","7.4","0.9","6.2","0.9","7.3","0.7","7.4","1.0","7.1","0.9","6.6","0.2","6.4","0.1","6.7","0.4","7.0","0.1","6.8","0.1","7.2","0.2","8.3","0.8","8.1","1.1","8.4","1.0","8.4","0.7","8.5","1.0","8.3","1.1","5.9","0.6","5.8","0.7","5.9","0.9","3.9","0.6","3.5","0.7","4.3","0.9","2.3","0.4","2.1","0.6","2.5","0.5","2.6","0.4","2.2","0.6","3.0","0.6","1.7","0.4","1.0","0.5","2.3","0.6","11.7","0.2","11.9","0.4","11.5","0.5","3.6","0.1","3.7","0.1","3.4","0.1","7.3","0.2","7.6","0.3","7.0","0.2","36.3","0.2","38.0","0.3","34.6","0.4","81.3","0.3","81.0","0.6","81.5","0.6","79.2","0.1","78.6","0.4","79.8","0.4","24.6","0.8","23.1","1.1","26.2","1.2","20.6","0.7","19.0","1.1","22.2","0.9","16.3","0.2","14.5","0.2","17.9","0.3","6.5","0.1","5.3","0.1","7.7","0.1","42.6","0.3","41.5","0.8","44.1","0.5","97.0","1.3","(X)","(X)","(X)","(X)","58.8","0.4","(X)","(X)","(X)","(X)","25.8","0.4","(X)","(X)","(X)","(X)","33.0","0.2","(X)","(X)","(X)","(X)","0.0","(X)","(X)","(X)","(X)","(X)","1.0","(X)","(X)","(X)","(X)","(X)",
"0500000US54047","McDowell County, West Virginia","20802","*****","10471","83","10331","83","6.1","*****","6.2","0.4","6.0","0.4","5.2","0.6","5.4","0.8","4.9","0.8","5.0","0.6","4.9","0.9","5.1","0.8","5.0","0.2","5.2","0.2","4.8","0.2","5.1","0.1","5.3","0.2","4.9","0.1","5.8","0.4","6.4","0.8","5.1","0.2","6.1","0.3","7.2","0.7","5.1","0.1","6.2","0.7","7.0","1.0","5.4","1.0","6.8","0.7","6.8","0.9","6.8","1.0","6.7","0.3","6.7","0.5","6.7","0.1","7.5","0.1","6.7","0.2","8.4","0.1","9.1","0.9","8.7","1.2","9.5","1.1","7.9","0.9","7.9","1.2","7.8","1.1","6.2","0.6","5.8","0.8","6.7","0.7","3.9","0.6","4.3","0.8","3.6","0.7","3.1","0.6","2.9","0.6","3.3","0.9","2.1","0.5","1.7","0.6","2.4","0.7","2.3","0.4","1.1","0.4","3.5","0.8","10.2","0.4","10.3","0.4","10.1","0.4","3.2","0.1","3.3","0.1","3.2","0.1","6.9","0.2","7.1","0.3","6.6","0.1","35.0","0.4","37.8","1.0","32.1","0.3","82.3","0.6","82.1","0.8","82.5","0.7","80.5","0.4","80.2","0.7","80.8","0.5","25.5","0.9","23.7","1.2","27.3","1.1","22.4","0.7","20.8","1.0","24.1","0.9","17.6","*****","15.7","0.1","19.5","0.2","7.5","*****","5.7","0.1","9.3","0.1","44.1","0.3","41.5","0.6","46.5","0.7","101.4","1.6","(X)","(X)","(X)","(X)","59.0","1.1","(X)","(X)","(X)","(X)","28.0","0.2","(X)","(X)","(X)","(X)","31.0","0.9","(X)","(X)","(X)","(X)","0.1","(X)","(X)","(X)","(X)","(X)","0.8","(X)","(X)","(X)","(X)","(X)",
"0500000US54049","Marion County, West Virginia","56790","*****","27830","160","28960","160","6.0","0.1","6.0","0.3","6.0","0.2","5.5","0.4","5.9","0.6","5.2","0.5","5.3","0.4","5.5","0.6","5.1","0.6","6.6","0.2","7.1","0.5","6.2","0.3","8.0","0.2","8.1","0.3","7.9","0.2","5.4","0.2","5.6","0.2","5.3","0.2","6.0","0.2","6.2","0.3","5.9","0.2","5.5","0.6","6.1","0.7","5.0","0.7","6.8","0.6","6.4","0.8","7.1","0.6","6.4","0.1","6.6","0.2","6.3","0.2","6.6","0.1","6.5","0.2","6.7","0.1","7.1","0.5","7.1","0.7","7.2","0.6","7.0","0.5","7.4","0.7","6.7","0.7","6.0","0.4","5.9","0.5","6.2","0.6","3.8","0.4","3.5","0.5","4.2","0.5","2.9","0.3","2.6","0.4","3.1","0.5","2.2","0.3","1.8","0.3","2.7","0.4","2.7","0.3","1.9","0.4","3.5","0.5","10.8","0.2","11.3","0.3","10.3","0.2","3.4","0.2","3.7","0.3","3.2","0.2","11.2","0.2","11.5","0.3","10.8","0.2","38.3","0.2","39.4","0.3","37.3","0.3","82.0","0.3","81.4","0.5","82.6","0.4","79.8","0.1","79.0","0.3","80.6","0.3","24.7","0.6","23.0","0.8","26.3","0.7","21.2","0.5","19.4","0.7","23.0","0.6","17.7","0.2","15.6","0.3","19.7","0.2","7.8","0.1","6.2","0.2","9.3","0.1","41.1","0.5","39.7","0.6","42.7","0.6","96.1","1.1","(X)","(X)","(X)","(X)","61.0","0.3","(X)","(X)","(X)","(X)","28.5","0.3","(X)","(X)","(X)","(X)","32.6","0.3","(X)","(X)","(X)","(X)","0.1","(X)","(X)","(X)","(X)","(X)","0.8","(X)","(X)","(X)","(X)","(X)",
"0500000US54051","Marshall County, West Virginia","32480","*****","15990","80","16490","80","5.1","0.1","5.6","0.2","4.5","0.1","5.2","0.5","5.1","0.7","5.3","0.8","6.3","0.5","6.8","0.7","5.9","0.8","5.7","0.1","6.0","0.2","5.5","0.2","5.6","0.1","5.7","0.1","5.4","0.2","5.2","0.1","5.5","0.3","4.9","0.2","5.3","0.1","5.5","0.2","5.2","0.1","5.6","0.7","5.8","0.9","5.3","0.9","6.8","0.7","7.1","0.9","6.5","0.9","6.5","0.1","6.5","0.1","6.5","0.1","7.7","0.2","7.6","0.1","7.9","0.3","7.5","0.7","7.3","0.8","7.8","1.0","8.7","0.7","8.9","0.8","8.6","1.0","5.8","0.7","5.0","0.8","6.5","0.9","4.8","0.7","5.2","0.8","4.5","0.9","3.3","0.6","2.7","0.5","3.9","0.9","2.9","0.6","2.0","0.5","3.9","0.8","1.9","0.4","1.8","0.5","2.0","0.6","11.5","0.2","11.9","0.3","11.2","0.2","3.8","0.1","3.9","0.2","3.6","0.2","7.5","0.1","7.8","0.1","7.2","0.2","34.2","0.2","35.6","0.3","32.8","0.3","81.9","0.4","81.2","0.5","82.6","0.6","79.6","0.1","78.5","0.3","80.7","0.3","27.5","0.7","25.5","0.8","29.4","1.0","23.8","0.6","22.0","0.8","25.6","0.9","18.7","0.1","16.6","0.1","20.8","0.2","8.2","0.1","6.4","0.1","9.8","0.2","44.3","0.3","42.9","0.4","46.5","0.5","97.0","1.0","(X)","(X)","(X)","(X)","64.3","0.5","(X)","(X)","(X)","(X)","30.8","0.2","(X)","(X)","(X)","(X)","33.5","0.3","(X)","(X)","(X)","(X)","0.0","(X)","(X)","(X)","(X)","(X)","1.2","(X)","(X)","(X)","(X)","(X)",
"0500000US54053","Mason County, West Virginia","27177","*****","13144","125","14033","125","5.4","0.3","5.9","0.5","4.9","0.3","5.5","0.9","5.2","1.3","5.7","1.0","6.2","0.9","7.2","1.3","5.2","0.9","6.1","0.3","6.8","0.7","5.4","0.5","5.2","0.1","5.2","0.1","5.2","0.2","5.4","0.3","5.3","0.7","5.4","0.1","5.9","0.1","5.5","0.1","6.2","0.1","6.1","0.8","5.2","1.1","7.0","1.0","6.3","0.9","6.8","1.1","5.8","1.1","6.3","0.1","6.2","0.1","6.3","0.1","7.8","0.1","7.8","0.1","7.8","0.2","9.4","1.0","10.2","1.4","8.6","1.0","6.2","1.0","5.7","1.4","6.6","1.0","5.8","0.8","5.2","1.1","6.4","0.9","4.7","0.7","5.2","1.1","4.2","0.9","4.0","0.6","3.6","0.8","4.3","1.0","1.9","0.6","1.0","0.5","2.7","1.0","2.1","0.6","1.8","0.8","2.3","0.8","11.6","0.1","12.4","0.2","10.9","0.2","4.2","0.3","4.7","0.7","3.7","0.5","7.0","0.1","7.2","0.1","6.9","0.2","34.9","0.4","34.9","0.7","34.9","0.6","81.3","0.6","80.2","0.8","82.4","1.0","78.8","*****","76.9","0.6","80.5","0.5","24.6","1.0","22.6","1.4","26.6","1.1","22.3","0.8","20.0","1.2","24.4","1.0","18.5","0.3","16.9","0.3","19.9","0.5","8.0","0.3","6.5","0.1","9.4","0.5","43.0","0.6","42.3","0.7","44.1","0.8","93.7","1.7","(X)","(X)","(X)","(X)","65.8","0.8","(X)","(X)","(X)","(X)","30.6","0.6","(X)","(X)","(X)","(X)","35.2","0.2","(X)","(X)","(X)","(X)","0.0","(X)","(X)","(X)","(X)","(X)","0.3","(X)","(X)","(X)","(X)","(X)",
"0500000US54055","Mercer County, West Virginia","61891","*****","29509","96","32382","96","6.2","0.1","6.7","0.2","5.8","0.2","5.7","0.5","5.9","0.6","5.6","0.7","5.2","0.5","5.6","0.6","4.9","0.7","6.0","0.2","6.2","0.2","5.8","0.3","6.5","0.2","6.7","0.2","6.3","0.3","5.8","0.1","6.0","0.2","5.6","0.1","5.8","0.1","5.8","0.2","5.8","0.2","6.1","0.5","6.6","0.8","5.6","0.7","5.8","0.5","5.5","0.8","6.0","0.7","6.1","0.1","6.4","0.3","5.8","0.1","6.7","0.1","6.7","0.2","6.7","0.1","7.8","0.5","7.6","0.7","8.0","0.7","7.4","0.5","7.2","0.6","7.6","0.7","6.1","0.5","5.6","0.7","6.5","0.6","4.5","0.5","5.0","0.7","4.0","0.6","3.7","0.4","3.2","0.5","4.2","0.6","2.5","0.3","1.8","0.4","3.1","0.5","2.1","0.3","1.5","0.3","2.7","0.5","10.9","0.1","11.4","0.1","10.5","0.2","3.6","0.1","3.6","0.1","3.5","0.2","8.9","0.2","9.3","0.2","8.6","0.2","35.9","0.2","36.8","0.3","35.1","0.2","81.3","0.3","80.4","0.4","82.2","0.4","79.3","0.1","78.3","0.2","80.2","0.2","26.3","0.5","24.3","0.6","28.2","0.7","23.2","0.4","21.3","0.6","24.9","0.7","18.9","0.1","17.1","0.1","20.6","0.1","8.3","0.1","6.5","0.1","10.0","0.1","42.3","0.5","40.6","0.8","43.7","0.5","91.1","0.6","(X)","(X)","(X)","(X)","65.6","0.3","(X)","(X)","(X)","(X)","31.3","0.2","(X)","(X)","(X)","(X)","34.3","0.2","(X)","(X)","(X)","(X)","0.0","(X)","(X)","(X)","(X)","(X)","2.1","(X)","(X)","(X)","(X)","(X)",
"0500000US54057","Mineral County, West Virginia","27755","*****","13696","107","14059","107","5.2","0.2","5.2","0.4","5.2","0.5","5.1","0.8","5.6","1.2","4.6","1.2","6.7","0.8","6.4","1.2","6.9","1.3","6.8","0.3","7.6","0.5","6.1","0.2","6.2","0.3","6.7","0.5","5.8","0.4","5.1","0.1","5.1","0.1","5.2","0.3","5.3","0.2","5.2","0.2","5.3","0.3","5.9","0.9","5.8","1.1","6.0","1.2","6.0","0.9","6.3","1.1","5.7","1.1","7.0","0.3","7.3","0.6","6.8","0.2","7.2","0.1","7.1","0.2","7.3","0.2","6.0","0.8","5.2","1.0","6.7","1.1","8.5","0.8","8.7","1.0","8.3","1.1","6.1","0.7","6.4","0.9","5.9","0.9","5.3","0.7","4.9","0.9","5.6","0.9","2.5","0.4","2.2","0.5","2.8","0.6","2.1","0.5","2.2","0.6","1.9","0.7","3.0","0.5","2.0","0.5","3.9","0.8","11.8","0.3","12.1","0.3","11.5","0.5","3.5","0.2","3.9","0.3","3.2","0.1","9.5","0.3","10.4","0.5","8.7","0.4","35.4","0.3","36.7","0.5","34.1","0.5","82.2","0.4","81.5","0.8","82.9","0.8","79.5","0.2","78.8","0.5","80.1","0.7","27.5","0.8","26.5","1.0","28.4","1.1","24.4","0.8","23.8","1.1","25.0","1.1","19.0","0.1","17.8","0.2","20.1","0.2","7.6","0.1","6.4","0.1","8.6","0.2","43.2","0.5","42.1","0.6","44.4","0.5","97.4","1.5","(X)","(X)","(X)","(X)","65.2","0.7","(X)","(X)","(X)","(X)","31.3","0.3","(X)","(X)","(X)","(X)","33.9","0.5","(X)","(X)","(X)","(X)","0.1","(X)","(X)","(X)","(X)","(X)","0.4","(X)","(X)","(X)","(X)","(X)",
"0500000US54059","Mingo County, West Virginia","25931","*****","12686","148","13245","148","6.2","0.2","6.4","0.3","5.9","0.2","6.3","0.7","6.4","1.1","6.3","0.8","6.1","0.7","6.9","1.1","5.2","0.8","5.3","0.2","5.6","0.2","5.0","0.3","5.6","0.3","5.9","0.5","5.3","0.1","5.6","0.1","5.6","0.1","5.6","0.1","6.2","0.2","5.8","0.1","6.5","0.4","7.2","0.9","7.0","1.1","7.4","1.1","6.1","0.7","6.5","1.0","5.7","0.9","7.1","0.3","6.8","0.1","7.4","0.7","7.7","0.3","7.7","0.5","7.7","0.4","7.5","0.7","7.3","1.0","7.7","1.0","8.0","0.7","7.9","0.9","8.1","1.1","5.2","0.6","5.6","0.9","4.9","0.7","4.0","0.6","3.9","0.9","4.0","0.7","2.8","0.5","2.8","0.5","2.7","0.7","2.0","0.5","1.4","0.5","2.6","0.8","1.1","0.3","0.4","0.3","1.9","0.6","12.4","0.3","13.3","0.3","11.5","0.3","3.5","0.2","3.6","0.1","3.4","0.3","7.4","0.3","7.9","0.5","6.9","0.1","35.9","0.4","36.4","0.6","35.5","0.7","80.4","0.3","78.7","0.6","82.0","0.4","77.9","*****","76.7","0.3","79.2","0.2","23.2","0.7","22.1","0.9","24.2","1.1","20.0","0.6","18.9","0.8","21.1","1.0","15.1","0.1","14.1","0.3","16.1","0.4","5.9","0.2","4.6","0.1","7.1","0.3","41.7","0.7","40.4","1.0","42.7","0.6","95.8","2.2","(X)","(X)","(X)","(X)","59.2","0.4","(X)","(X)","(X)","(X)","24.1","0.3","(X)","(X)","(X)","(X)","35.1","0.1","(X)","(X)","(X)","(X)","0.0","(X)","(X)","(X)","(X)","(X)","0.7","(X)","(X)","(X)","(X)","(X)",
"0500000US54061","Monongalia County, West Virginia","101668","*****","52641","140","49027","140","4.8","0.1","4.9","0.2","4.7","0.2","4.3","0.3","4.3","0.5","4.3","0.4","4.4","0.3","4.7","0.5","4.2","0.4","8.8","0.2","9.2","0.4","8.4","0.3","18.1","0.3","18.6","0.5","17.5","0.4","9.5","0.2","10.1","0.3","8.9","0.3","7.3","0.2","7.7","0.3","7.0","0.2","5.7","0.4","5.9","0.5","5.5","0.6","5.0","0.4","5.1","0.5","4.9","0.6","5.2","0.1","5.0","0.2","5.4","0.2","5.6","0.2","5.3","0.2","5.9","0.2","6.0","0.4","5.8","0.5","6.2","0.5","4.7","0.4","4.4","0.5","5.0","0.5","3.6","0.2","3.6","0.3","3.7","0.3","2.4","0.2","2.1","0.2","2.7","0.3","1.9","0.2","1.7","0.2","2.2","0.3","1.2","0.1","1.0","0.2","1.4","0.3","1.4","0.2","0.7","0.2","2.2","0.4","8.8","0.1","9.0","0.2","8.5","0.1","2.5","0.1","2.5","0.1","2.4","0.1","24.4","0.3","25.2","0.4","23.6","0.4","54.5","0.2","56.5","0.3","52.2","0.3","85.8","0.1","85.4","0.3","86.1","0.3","84.0","0.1","83.6","0.2","84.4","0.2","15.2","0.4","13.5","0.4","17.1","0.5","13.1","0.3","11.5","0.4","14.9","0.4","10.6","0.1","9.0","0.1","12.2","0.1","4.6","0.1","3.4","0.1","5.8","0.1","30.0","0.2","28.5","0.4","31.3","0.4","107.4","0.6","(X)","(X)","(X)","(X)","36.2","0.2","(X)","(X)","(X)","(X)","14.4","0.1","(X)","(X)","(X)","(X)","21.8","0.1","(X)","(X)","(X)","(X)","0.1","(X)","(X)","(X)","(X)","(X)","1.7","(X)","(X)","(X)","(X)","(X)",
"0500000US54063","Monroe County, West Virginia","13525","*****","6686","70","6839","70","5.1","0.1","5.1","0.1","5.0","0.3","5.5","0.9","6.6","1.5","4.5","1.3","6.1","1.0","5.4","1.6","6.8","1.3","4.4","0.6","4.4","0.6","4.4","0.8","5.6","0.8","6.2","1.1","5.1","0.8","4.6","0.2","4.7","0.1","4.5","0.1","5.0","0.1","5.0","0.2","5.0","0.1","5.4","1.3","5.3","1.8","5.4","1.3","6.2","1.3","6.5","1.8","5.9","1.3","6.7","0.1","6.8","0.1","6.6","0.2","7.5","0.2","7.2","0.4","7.7","0.2","8.7","1.2","8.9","1.9","8.5","1.5","6.7","1.0","6.8","1.5","6.5","1.5","9.4","1.3","8.9","1.6","10.0","1.4","4.4","0.9","4.8","1.1","4.1","1.1","3.3","0.8","2.6","1.0","3.9","1.1","1.9","0.6","1.6","0.8","2.3","0.9","3.5","0.7","3.4","1.1","3.7","1.2","11.6","0.5","11.9","0.2","11.3","0.9","3.4","0.1","3.6","0.1","3.2","0.2","6.7","0.5","7.0","0.9","6.4","0.1","31.2","0.5","32.1","0.9","30.4","0.4","82.4","0.9","82.5","0.5","82.2","1.5","79.9","0.6","79.3","0.2","80.5","1.1","29.2","1.4","28.0","1.9","30.4","1.7","26.0","1.2","24.5","1.7","27.5","1.3","22.6","1.0","21.2","1.1","23.9","1.0","8.7","0.1","7.5","0.1","9.9","0.3","46.6","0.8","45.4","0.5","48.3","0.7","97.8","2.0","(X)","(X)","(X)","(X)","74.3","2.4","(X)","(X)","(X)","(X)","39.3","2.2","(X)","(X)","(X)","(X)","35.0","1.1","(X)","(X)","(X)","(X)","0.1","(X)","(X)","(X)","(X)","(X)","0.9","(X)","(X)","(X)","(X)","(X)",
"0500000US54065","Morgan County, West Virginia","17475","*****","8622","86","8853","86","4.5","0.3","4.5","0.3","4.5","0.5","5.6","1.0","6.5","1.3","4.6","1.4","5.6","0.9","5.2","1.4","6.0","1.3","6.1","0.5","6.2","0.6","6.0","1.0","4.7","0.4","4.6","0.1","4.8","0.7","4.9","0.3","4.5","0.1","5.3","0.6","4.7","0.1","4.8","0.2","4.6","0.1","5.0","1.0","4.6","1.4","5.4","1.5","7.1","1.0","7.8","1.6","6.4","1.5","7.5","0.2","7.7","0.1","7.3","0.4","8.1","0.2","8.2","0.1","8.1","0.4","8.4","1.2","8.7","1.5","8.1","1.5","8.0","1.1","7.7","1.5","8.4","1.5","7.1","0.8","6.9","1.1","7.3","1.1","4.7","0.8","4.9","1.1","4.5","1.1","3.0","0.7","2.9","0.9","3.1","0.9","3.8","0.7","3.5","0.9","4.1","1.1","1.4","0.5","1.1","0.6","1.6","0.8","11.2","0.4","11.7","0.5","10.6","0.6","3.8","0.1","3.8","0.1","3.8","0.1","6.9","0.4","6.9","0.5","6.9","0.8","32.4","0.5","32.4","0.7","32.5","0.7","82.9","0.5","82.1","0.9","83.7","0.8","80.5","0.4","80.0","0.7","81.1","0.5","27.9","1.1","26.8","1.5","29.0","1.5","24.3","0.9","23.1","1.3","25.5","1.3","19.9","0.1","19.2","0.2","20.6","0.2","8.1","0.1","7.4","0.1","8.8","0.1","46.1","0.5","45.8","0.5","46.6","1.1","97.4","1.9","(X)","(X)","(X)","(X)","64.9","1.1","(X)","(X)","(X)","(X)","32.8","0.4","(X)","(X)","(X)","(X)","32.1","0.8","(X)","(X)","(X)","(X)","0.1","(X)","(X)","(X)","(X)","(X)","0.9","(X)","(X)","(X)","(X)","(X)",
"0500000US54067","Nicholas County, West Virginia","25930","*****","12779","*****","13151","*****","5.7","*****","5.9","*****","5.5","*****","5.4","0.7","5.6","1.1","5.3","0.9","6.1","0.7","6.7","1.1","5.6","0.9","5.5","*****","5.9","*****","5.2","*****","5.5","*****","5.5","*****","5.5","*****","5.2","*****","5.4","*****","5.0","*****","5.5","*****","5.5","*****","5.6","*****","6.8","0.8","6.6","0.9","6.9","1.1","5.6","0.8","5.6","0.9","5.7","1.1","6.8","*****","6.7","*****","6.8","*****","7.5","*****","7.4","*****","7.5","*****","7.5","0.9","8.0","1.3","6.9","1.1","8.3","0.9","7.5","1.3","9.0","1.1","6.0","0.7","6.2","1.0","5.8","0.9","5.0","0.7","5.0","1.0","5.0","0.9","3.5","0.6","3.9","0.8","3.1","0.8","2.5","0.5","1.9","0.7","3.0","0.7","1.6","0.4","0.6","0.4","2.6","0.7","11.6","*****","12.3","*****","10.8","*****","3.6","*****","3.8","*****","3.4","*****","7.5","*****","7.6","*****","7.4","*****","34.3","*****","34.6","*****","33.9","*****","81.5","0.4","80.8","0.8","82.2","0.4","79.2","*****","78.1","*****","80.3","*****","26.8","0.9","25.1","1.3","28.5","1.1","23.6","0.8","22.3","1.1","24.9","1.0","18.6","*****","17.6","*****","19.5","*****","7.5","*****","6.4","*****","8.7","*****","43.4","0.6","42.3","0.6","44.7","0.2","97.2","*****","(X)","(X)","(X)","(X)","65.0","*****","(X)","(X)","(X)","(X)","30.6","*****","(X)","(X)","(X)","(X)","34.4","*****","(X)","(X)","(X)","(X)","0.1","(X)","(X)","(X)","(X)","(X)","0.2","(X)","(X)","(X)","(X)","(X)",
"0500000US54069","Ohio County, West Virginia","43637","*****","20931","103","22706","103","5.3","0.1","5.7","0.2","4.9","0.2","5.2","0.5","5.5","0.7","4.9","0.8","5.2","0.5","5.6","0.7","4.9","0.8","7.1","0.1","7.1","0.3","7.2","0.3","7.2","0.1","7.4","0.2","7.1","0.2","5.4","0.1","5.8","0.2","5.1","0.2","5.3","0.1","5.7","0.2","5.0","0.2","5.1","0.6","5.0","0.8","5.2","0.7","6.2","0.6","6.8","0.8","5.7","0.6","6.0","0.1","6.1","0.2","5.8","0.2","7.2","0.1","7.1","0.2","7.2","0.2","8.2","0.5","7.8","0.7","8.6","0.7","7.5","0.5","8.0","0.7","7.0","0.7","5.6","0.4","5.7","0.6","5.5","0.5","4.0","0.4","3.8","0.6","4.2","0.5","3.4","0.4","3.1","0.5","3.7","0.6","3.1","0.3","2.2","0.5","3.9","0.5","3.0","0.4","1.5","0.4","4.3","0.5","10.4","0.1","11.1","0.2","9.8","0.1","3.4","0.1","3.5","0.2","3.4","0.2","10.9","0.1","11.0","0.2","10.8","0.2","36.5","0.2","37.9","0.3","35.2","0.4","83.0","0.2","82.1","0.4","83.9","0.4","80.9","0.1","79.8","0.3","81.9","0.3","26.5","0.5","24.3","0.7","28.6","0.7","23.6","0.4","21.2","0.7","25.9","0.5","19.1","0.1","16.3","0.2","21.6","0.2","9.5","0.1","6.8","0.1","11.9","0.2","43.3","0.4","41.3","0.4","45.1","0.4","92.2","0.9","(X)","(X)","(X)","(X)","61.7","0.3","(X)","(X)","(X)","(X)","30.8","0.3","(X)","(X)","(X)","(X)","30.9","0.2","(X)","(X)","(X)","(X)","0.1","(X)","(X)","(X)","(X)","(X)","0.9","(X)","(X)","(X)","(X)","(X)",
"0500000US54071","Pendleton County, West Virginia","7402","*****","3720","30","3682","30","4.4","0.2","4.3","0.2","4.4","0.3","5.9","1.0","5.6","1.2","6.2","1.5","4.4","1.0","4.6","1.4","4.1","1.4","5.1","0.8","5.6","1.3","4.5","0.9","5.7","0.8","6.0","1.1","5.4","1.1","4.3","0.1","4.2","0.1","4.3","0.2","4.6","0.1","4.9","0.2","4.2","0.1","4.2","1.1","4.5","1.6","3.8","1.2","6.1","1.0","6.6","1.4","5.5","1.2","7.0","0.4","7.1","0.6","6.9","0.4","7.7","0.2","7.9","0.3","7.5","0.2","7.4","1.2","5.7","1.5","9.1","1.8","9.4","1.2","10.1","1.4","8.7","2.1","7.0","0.9","6.8","1.4","7.2","1.1","5.5","0.9","5.3","1.5","5.6","1.2","3.9","0.9","3.5","1.4","4.4","1.6","3.2","0.9","3.1","1.4","3.3","1.3","4.3","1.0","4.0","1.4","4.7","1.6","10.3","0.3","10.2","0.7","10.3","0.5","3.4","0.3","3.7","0.6","3.0","0.1","7.4","0.3","8.0","0.1","6.9","0.6","29.9","0.4","32.0","0.8","27.8","0.7","84.3","0.5","84.4","0.9","84.2","0.7","82.0","*****","81.7","0.4","82.3","0.4","33.4","1.3","32.7","1.5","34.0","2.1","28.9","1.2","28.3","1.5","29.5","1.7","24.0","0.4","22.7","0.2","25.3","0.8","11.5","0.4","10.6","0.1","12.5","0.7","49.1","0.4","47.4","0.7","50.3","0.6","101.0","1.7","(X)","(X)","(X)","(X)","72.4","1.2","(X)","(X)","(X)","(X)","41.4","1.0","(X)","(X)","(X)","(X)","31.1","0.2","(X)","(X)","(X)","(X)","0.1","(X)","(X)","(X)","(X)","(X)","1.7","(X)","(X)","(X)","(X)","(X)",
"0500000US54073","Pleasants County, West Virginia","7636","*****","4059","49","3577","49","4.7","0.4","4.9","0.1","4.4","0.1","4.5","1.0","4.0","1.0","4.9","1.4","6.3","0.9","6.2","1.0","6.4","1.2","5.7","0.6","6.3","0.6","5.0","0.9","6.4","0.5","6.2","0.2","6.7","1.1","5.1","0.4","6.1","0.7","4.1","0.1","5.9","0.3","6.4","0.5","5.3","0.1","5.5","0.9","7.4","1.5","3.4","1.1","8.2","0.9","7.6","1.5","8.9","1.0","7.2","0.4","7.4","0.1","7.0","0.1","8.1","0.4","8.5","0.8","7.6","0.1","6.5","1.0","5.5","1.3","7.7","1.4","7.8","1.1","7.8","1.3","7.7","1.6","5.7","1.1","5.2","1.2","6.3","1.4","5.0","0.9","4.9","1.2","5.0","1.1","2.3","0.7","1.6","0.7","3.0","1.0","2.9","0.7","1.9","0.7","4.2","1.2","2.2","0.6","2.1","0.8","2.3","0.8","10.8","0.4","10.2","0.1","11.4","0.7","4.2","0.5","4.2","0.6","4.2","0.7","7.9","0.4","8.2","0.2","7.5","0.8","36.9","0.7","40.0","0.8","33.4","0.9","83.6","0.6","84.0","0.6","83.3","1.0","80.4","0.6","80.7","0.6","80.0","1.0","25.8","1.0","23.5","1.3","28.5","1.7","22.8","1.1","19.8","1.1","26.1","1.9","18.0","0.5","15.7","0.2","20.7","1.2","7.4","0.3","5.5","0.1","9.5","0.6","43.6","0.4","42.0","1.0","45.6","0.9","113.5","2.9","(X)","(X)","(X)","(X)","60.4","1.4","(X)","(X)","(X)","(X)","28.9","1.0","(X)","(X)","(X)","(X)","31.5","1.1","(X)","(X)","(X)","(X)","0.1","(X)","(X)","(X)","(X)","(X)","0.2","(X)","(X)","(X)","(X)","(X)",
"0500000US54075","Pocahontas County, West Virginia","8697","*****","4452","49","4245","49","5.1","0.4","4.9","0.3","5.3","0.6","3.8","0.7","3.0","1.0","4.7","1.1","5.8","0.8","6.3","0.9","5.3","1.3","4.2","0.5","4.2","0.6","4.1","0.7","5.4","0.6","5.4","0.9","5.3","0.8","5.0","0.1","5.5","0.2","4.6","0.1","5.2","0.2","5.9","0.3","4.5","0.2","5.9","1.0","5.8","1.2","6.1","1.1","5.2","0.9","6.0","1.2","4.5","1.0","6.8","0.3","6.6","0.3","7.1","0.6","9.2","0.7","9.0","0.5","9.3","1.4","8.3","1.0","7.7","1.4","8.9","1.3","8.5","1.0","9.4","1.4","7.6","1.3","7.4","0.8","7.6","1.3","7.2","1.2","5.5","0.8","5.6","1.1","5.4","1.2","4.7","0.8","4.1","0.8","5.4","1.4","2.1","0.6","1.8","0.7","2.4","0.9","1.8","0.7","1.3","0.8","2.3","1.1","9.6","0.3","9.2","0.3","10.0","0.6","3.1","0.3","3.1","0.1","3.1","0.1","6.5","0.3","6.6","0.5","6.3","0.4","31.0","0.4","32.7","0.7","29.1","0.8","84.5","0.4","84.9","0.7","84.0","0.6","82.2","0.3","82.8","0.5","81.6","0.4","30.1","1.1","29.9","1.5","30.3","1.4","27.8","1.1","27.0","1.6","28.8","1.4","21.5","0.4","20.4","0.7","22.7","0.5","8.6","0.3","7.2","0.1","10.1","0.1","48.4","0.5","47.9","0.5","49.0","0.8","104.9","2.4","(X)","(X)","(X)","(X)","64.7","1.5","(X)","(X)","(X)","(X)","35.5","1.0","(X)","(X)","(X)","(X)","29.3","0.6","(X)","(X)","(X)","(X)","0.1","(X)","(X)","(X)","(X)","(X)","0.4","(X)","(X)","(X)","(X)","(X)",
"0500000US54077","Preston County, West Virginia","33809","*****","17419","*****","16390","*****","5.2","*****","5.3","*****","5.1","*****","6.2","0.6","6.0","0.9","6.3","0.8","4.6","0.6","4.5","0.9","4.7","0.7","5.3","*****","5.3","*****","5.3","*****","5.5","*****","5.5","*****","5.5","*****","6.7","*****","7.6","*****","5.7","*****","6.8","*****","6.9","*****","6.6","*****","7.0","1.0","8.3","1.8","5.6","1.0","6.4","1.0","5.9","1.8","6.9","1.0","7.0","*****","6.9","*****","7.0","*****","7.7","*****","8.0","*****","7.3","*****","6.6","0.6","6.1","1.0","7.0","0.7","8.3","0.6","8.4","1.0","8.2","0.7","5.6","0.4","5.6","0.6","5.6","0.7","4.3","0.4","3.9","0.6","4.8","0.7","3.2","0.4","2.7","0.5","3.7","0.7","1.7","0.3","1.7","0.4","1.8","0.4","2.1","0.4","1.3","0.5","2.9","0.6","10.8","*****","10.6","*****","11.0","*****","3.5","*****","3.5","*****","3.5","*****","7.3","*****","7.3","*****","7.3","*****","37.6","*****","39.5","*****","35.6","*****","82.6","0.3","82.6","0.5","82.7","0.4","80.5","*****","80.7","*****","80.4","*****","25.2","0.6","23.6","1.0","26.9","0.7","21.8","0.8","20.4","1.3","23.2","0.7","16.9","*****","15.2","*****","18.7","*****","7.0","*****","5.7","*****","8.4","*****","42.3","0.4","40.4","1.3","43.5","0.4","106.3","*****","(X)","(X)","(X)","(X)","57.1","*****","(X)","(X)","(X)","(X)","26.5","*****","(X)","(X)","(X)","(X)","30.6","*****","(X)","(X)","(X)","(X)","0.0","(X)","(X)","(X)","(X)","(X)","0.8","(X)","(X)","(X)","(X)","(X)",
"0500000US54079","Putnam County, West Virginia","56596","*****","27714","200","28882","200","5.9","0.2","6.1","0.3","5.8","0.4","6.7","0.6","6.9","0.8","6.6","1.0","6.6","0.7","7.0","0.9","6.3","0.9","5.9","0.1","6.3","0.2","5.6","0.2","4.6","0.1","4.8","0.1","4.5","0.3","5.3","0.2","5.4","0.4","5.1","0.3","6.5","0.4","6.3","0.3","6.6","0.6","7.0","0.7","6.6","0.9","7.3","1.1","6.8","0.7","6.7","0.9","6.8","0.9","7.1","0.1","7.3","0.3","6.8","0.1","7.5","0.1","7.5","0.3","7.4","0.1","7.6","0.5","7.4","0.6","7.7","0.8","6.6","0.6","6.8","0.7","6.5","0.8","5.2","0.5","4.7","0.6","5.7","0.7","4.4","0.5","4.8","0.6","4.0","0.7","3.2","0.3","3.2","0.4","3.2","0.5","1.6","0.3","1.1","0.4","2.1","0.5","1.5","0.2","1.0","0.3","1.9","0.4","13.4","0.2","13.9","0.5","12.8","0.4","4.0","0.1","4.1","0.1","3.9","0.2","6.6","0.2","7.0","0.2","6.2","0.3","36.0","0.4","36.1","0.6","35.9","0.5","79.5","0.4","78.9","0.6","80.0","0.6","76.7","0.3","75.9","0.5","77.5","0.4","22.6","0.6","21.6","0.7","23.5","0.9","19.8","0.5","18.9","0.7","20.7","0.8","16.0","0.2","14.8","0.3","17.1","0.3","6.3","0.1","5.3","0.1","7.3","0.1","41.0","0.5","40.4","0.6","41.6","0.6","96.0","1.4","(X)","(X)","(X)","(X)","64.6","0.9","(X)","(X)","(X)","(X)","26.3","0.4","(X)","(X)","(X)","(X)","38.3","0.6","(X)","(X)","(X)","(X)","0.0","(X)","(X)","(X)","(X)","(X)","1.6","(X)","(X)","(X)","(X)","(X)",
"0500000US54081","Raleigh County, West Virginia","78493","*****","39343","131","39150","131","6.1","0.1","6.3","0.1","6.0","0.1","5.3","0.5","5.6","0.7","5.0","0.7","6.1","0.5","6.1","0.7","6.2","0.7","5.2","0.1","5.5","0.3","4.9","0.2","6.1","0.3","6.4","0.4","5.7","0.3","6.1","0.2","6.6","0.4","5.6","0.2","6.4","0.1","6.7","0.2","6.1","0.2","6.7","0.5","6.9","0.7","6.4","0.6","6.8","0.5","7.1","0.6","6.4","0.7","6.1","0.1","6.2","0.2","5.9","0.2","6.8","0.2","6.6","0.3","6.9","0.1","7.4","0.5","6.7","0.8","8.1","0.7","7.6","0.5","7.9","0.8","7.3","0.7","5.5","0.4","5.0","0.5","6.0","0.6","4.3","0.4","4.4","0.5","4.1","0.6","3.4","0.4","3.0","0.5","3.7","0.5","2.2","0.3","1.5","0.3","2.9","0.6","2.1","0.3","1.4","0.4","2.8","0.5","11.4","0.2","11.7","0.2","11.2","0.2","3.4","0.1","3.6","0.3","3.2","0.2","7.9","0.3","8.3","0.4","7.4","0.3","37.1","0.2","39.2","0.3","35.1","0.3","81.2","0.3","80.7","0.4","81.7","0.4","79.1","0.1","78.5","0.2","79.6","0.3","25.1","0.5","23.3","0.8","26.9","0.7","21.9","0.6","19.9","0.7","23.9","0.6","17.5","0.1","15.3","0.1","19.6","0.1","7.7","0.1","5.9","0.1","9.4","0.1","41.6","0.3","40.0","0.4","43.4","0.4","100.5","0.7","(X)","(X)","(X)","(X)","62.3","0.4","(X)","(X)","(X)","(X)","28.3","0.2","(X)","(X)","(X)","(X)","34.0","0.3","(X)","(X)","(X)","(X)","0.1","(X)","(X)","(X)","(X)","(X)","1.1","(X)","(X)","(X)","(X)","(X)",
"0500000US54083","Randolph County, West Virginia","29365","*****","15111","131","14254","131","5.0","0.1","4.9","0.1","5.2","0.2","5.4","0.8","5.3","0.9","5.6","1.1","5.5","0.7","5.9","0.9","5.2","0.9","5.7","0.2","5.7","0.2","5.8","0.3","6.2","0.3","6.3","0.2","6.0","0.6","6.1","0.3","6.9","0.5","5.3","0.4","6.2","0.3","7.0","0.6","5.3","0.3","5.4","0.6","5.6","0.9","5.2","0.8","6.4","0.6","6.5","0.9","6.3","0.8","6.9","0.2","7.4","0.4","6.4","0.1","7.5","0.2","7.2","0.1","7.8","0.3","7.1","0.7","7.2","0.8","7.0","1.0","7.4","0.7","6.9","0.8","7.8","1.0","6.6","0.6","7.0","0.7","6.2","0.8","4.7","0.6","3.9","0.7","5.6","0.7","3.3","0.4","3.2","0.5","3.5","0.7","1.9","0.3","1.6","0.4","2.1","0.5","2.7","0.4","1.6","0.5","3.8","0.7","11.0","0.4","11.1","0.5","10.8","0.5","3.3","0.1","3.3","0.1","3.3","0.1","8.6","0.3","8.6","0.2","8.5","0.6","35.9","0.6","37.9","1.0","33.8","0.6","82.7","0.5","82.7","0.7","82.8","0.6","80.7","0.5","80.7","0.6","80.7","0.5","26.6","0.7","24.3","0.8","29.0","1.0","22.8","0.6","20.5","0.7","25.2","0.8","19.2","0.1","17.4","0.2","21.2","0.3","7.9","0.1","6.4","0.1","9.4","0.1","43.2","0.5","41.7","0.8","45.1","0.4","106.0","1.9","(X)","(X)","(X)","(X)","62.7","1.1","(X)","(X)","(X)","(X)","31.3","0.3","(X)","(X)","(X)","(X)","31.4","1.0","(X)","(X)","(X)","(X)","0.1","(X)","(X)","(X)","(X)","(X)","0.3","(X)","(X)","(X)","(X)","(X)",
"0500000US54085","Ritchie County, West Virginia","10140","*****","5015","29","5125","29","4.7","0.3","4.6","0.1","4.8","0.1","6.8","0.7","6.8","1.1","6.8","1.0","5.3","0.6","5.9","1.1","4.8","1.1","5.7","0.3","5.6","0.1","5.8","0.5","5.4","0.4","5.5","0.3","5.4","0.8","4.4","0.3","4.4","0.1","4.5","0.1","5.5","0.1","5.5","0.1","5.5","0.3","4.9","1.0","4.5","1.3","5.3","1.3","6.8","1.0","7.0","1.3","6.6","1.3","7.2","0.1","7.3","0.1","7.0","0.1","7.9","0.1","8.6","0.1","7.3","0.1","9.5","1.0","10.9","1.3","8.2","1.3","6.2","1.0","4.8","1.3","7.5","1.4","6.2","1.0","7.0","1.3","5.4","1.2","5.3","1.0","4.5","1.3","6.0","1.2","4.2","0.7","4.6","0.8","3.9","1.0","2.1","0.5","1.9","0.8","2.4","0.8","1.8","0.7","0.6","0.3","2.9","1.2","12.1","0.4","12.7","0.4","11.6","0.5","3.8","0.3","3.6","0.1","3.9","0.5","7.4","0.4","7.5","0.3","7.2","0.8","32.8","0.4","32.5","0.3","33.0","0.7","82.0","0.6","81.2","0.8","82.8","0.8","79.4","0.4","79.1","0.3","79.7","0.6","25.7","1.0","23.4","1.3","28.1","1.4","23.7","0.9","21.9","1.1","25.4","1.4","19.6","0.2","18.6","0.2","20.6","0.3","8.1","0.2","7.0","0.2","9.2","0.3","45.2","0.2","45.1","0.3","45.3","0.3","97.9","1.1","(X)","(X)","(X)","(X)","67.2","1.0","(X)","(X)","(X)","(X)","32.8","0.5","(X)","(X)","(X)","(X)","34.5","0.8","(X)","(X)","(X)","(X)","0.0","(X)","(X)","(X)","(X)","(X)","0.9","(X)","(X)","(X)","(X)","(X)",
"0500000US54087","Roane County, West Virginia","14636","*****","7231","31","7405","31","5.4","0.2","5.6","0.3","5.2","0.1","5.4","0.7","4.6","1.1","6.1","1.0","7.1","0.7","8.0","1.1","6.3","0.9","5.8","0.2","6.2","0.2","5.5","0.4","4.9","0.1","5.0","0.1","4.7","0.1","4.6","0.1","4.7","0.1","4.6","0.1","5.2","0.1","5.4","0.2","5.1","0.1","6.1","0.9","6.1","1.4","6.2","1.1","6.2","1.0","5.9","1.4","6.5","1.1","6.5","0.1","6.7","0.1","6.3","0.2","8.0","0.2","7.9","0.2","8.1","0.2","7.2","0.9","6.8","1.3","7.5","1.1","8.6","0.9","9.3","1.3","7.9","1.0","6.3","0.8","6.8","1.1","5.8","1.1","4.8","0.8","4.6","1.1","5.0","1.1","3.7","0.7","3.0","0.7","4.4","1.0","2.3","0.5","1.8","0.6","2.8","0.8","1.9","0.6","1.7","0.6","2.1","0.9","12.5","0.2","12.6","0.2","12.4","0.3","3.9","0.1","4.1","0.2","3.6","0.2","6.8","0.2","7.1","0.1","6.6","0.3","32.9","0.3","33.3","0.3","32.5","0.4","80.9","0.4","80.2","0.7","81.5","0.5","78.3","0.1","77.7","0.2","78.8","0.3","27.6","0.9","27.2","1.3","28.1","1.1","24.4","0.9","23.3","1.2","25.4","1.2","19.0","0.2","17.9","0.2","20.1","0.3","7.9","0.2","6.5","0.2","9.3","0.3","44.2","0.5","43.2","0.8","45.0","0.3","97.7","0.8","(X)","(X)","(X)","(X)","68.9","0.6","(X)","(X)","(X)","(X)","32.1","0.5","(X)","(X)","(X)","(X)","36.7","0.3","(X)","(X)","(X)","(X)","0.0","(X)","(X)","(X)","(X)","(X)","0.5","(X)","(X)","(X)","(X)","(X)",
"0500000US54089","Summers County, West Virginia","13544","*****","6185","98","7359","98","4.0","0.1","4.2","0.2","3.8","0.1","4.7","0.8","3.8","1.5","5.4","1.0","5.4","0.8","7.6","1.5","3.7","0.9","5.0","0.3","5.5","0.7","4.5","0.2","4.8","0.4","4.7","0.4","5.0","0.7","5.0","0.4","4.1","0.1","5.7","0.8","6.1","0.5","5.8","1.0","6.3","0.5","7.8","1.3","6.6","1.6","8.8","2.0","5.3","0.9","5.7","1.6","5.0","1.1","7.1","0.6","6.2","0.5","7.9","1.1","7.4","0.3","6.6","0.1","8.0","0.5","7.8","1.1","8.5","1.6","7.2","1.2","9.1","1.2","9.8","1.7","8.4","1.6","6.5","0.9","6.1","1.1","6.9","1.1","4.6","0.9","5.7","1.1","3.7","1.1","4.8","1.1","4.7","1.7","4.9","1.1","2.3","0.7","2.3","1.0","2.3","1.0","2.3","0.6","2.1","0.9","2.6","0.9","10.1","0.3","11.4","0.3","9.1","0.3","3.4","0.3","3.7","0.7","3.1","0.2","6.4","0.4","6.5","0.5","6.4","0.7","33.9","1.1","32.3","1.3","35.3","1.2","85.0","0.6","83.8","0.8","86.0","0.8","82.5","*****","80.8","0.6","84.0","0.5","29.7","1.4","30.7","1.9","28.8","1.7","25.5","1.2","26.6","1.8","24.5","1.4","20.6","0.7","20.9","1.1","20.4","0.5","9.4","0.7","9.1","1.3","9.7","0.4","46.3","0.7","46.9","1.2","46.0","0.7","84.0","2.5","(X)","(X)","(X)","(X)","61.5","1.7","(X)","(X)","(X)","(X)","33.3","1.4","(X)","(X)","(X)","(X)","28.2","0.3","(X)","(X)","(X)","(X)","0.1","(X)","(X)","(X)","(X)","(X)","0.6","(X)","(X)","(X)","(X)","(X)",
"0500000US54091","Taylor County, West Virginia","16977","*****","8592","65","8385","65","5.9","0.4","5.6","0.4","6.1","0.8","5.2","0.8","5.1","1.1","5.3","1.1","6.1","0.8","6.6","1.1","5.6","1.1","5.1","0.7","5.8","1.2","4.4","0.6","5.7","0.8","5.8","1.4","5.5","0.7","5.7","0.1","6.1","0.1","5.3","0.1","6.0","0.1","6.1","0.1","5.9","0.2","5.7","1.0","4.6","1.3","6.8","1.3","7.3","0.9","8.8","1.2","5.9","1.3","7.3","0.2","7.5","0.3","7.1","0.3","7.5","0.2","7.9","0.3","7.1","0.2","7.8","1.0","8.0","1.2","7.6","1.5","7.1","1.1","6.3","1.2","8.0","1.6","5.9","0.6","5.9","0.9","5.9","0.9","4.2","0.8","4.2","1.1","4.3","1.0","3.3","0.8","1.9","0.8","4.6","1.5","2.4","0.8","1.2","0.6","3.6","1.5","1.8","0.5","2.6","0.8","1.0","0.6","11.3","0.1","11.7","0.2","10.9","0.2","3.4","0.1","3.4","0.2","3.4","0.1","7.4","0.3","8.1","0.7","6.6","0.1","35.5","0.2","37.2","0.4","33.7","0.4","81.7","0.6","81.4","0.8","82.0","0.9","79.4","0.4","79.2","0.4","79.6","0.8","24.7","1.0","22.1","1.2","27.4","1.6","21.2","0.8","19.8","1.2","22.7","1.3","17.6","0.4","15.8","0.6","19.4","0.5","7.5","0.2","5.7","0.1","9.3","0.3","43.0","0.6","41.6","0.8","44.5","0.6","102.5","1.6","(X)","(X)","(X)","(X)","61.8","1.0","(X)","(X)","(X)","(X)","28.4","0.7","(X)","(X)","(X)","(X)","33.3","0.7","(X)","(X)","(X)","(X)","0.1","(X)","(X)","(X)","(X)","(X)","0.9","(X)","(X)","(X)","(X)","(X)",
"0500000US54093","Tucker County, West Virginia","6972","*****","3474","25","3498","25","4.4","0.2","4.6","0.1","4.3","0.3","4.9","0.7","5.7","1.1","4.0","0.9","5.0","0.7","4.4","1.1","5.5","0.9","5.4","0.8","6.2","1.3","4.7","0.8","5.6","0.7","5.6","1.1","5.6","0.7","4.6","0.1","4.5","0.1","4.8","0.1","4.9","0.1","4.8","0.1","5.0","0.1","5.3","1.0","5.4","1.5","5.2","1.3","6.1","1.0","6.3","1.4","6.0","1.4","7.4","0.4","7.4","0.1","7.4","0.1","8.0","0.1","7.9","0.1","8.1","0.2","8.2","0.9","8.9","0.9","7.6","1.4","8.1","1.2","6.9","0.9","9.2","2.0","6.8","1.0","7.1","0.9","6.5","1.5","5.9","1.0","5.7","0.9","6.1","1.5","3.8","0.9","3.4","1.2","4.3","1.2","2.9","0.6","3.2","1.0","2.6","0.8","2.6","0.7","2.1","0.8","3.1","1.1","9.8","0.3","10.1","0.2","9.5","0.4","3.9","0.4","4.3","0.5","3.5","0.5","7.1","0.1","7.5","0.1","6.7","0.2","32.0","0.5","32.8","0.4","31.2","0.7","84.6","0.6","84.8","0.5","84.4","1.0","81.8","0.6","81.0","0.5","82.7","0.9","30.1","1.1","28.3","0.9","31.8","1.8","26.0","0.8","24.4","1.0","27.7","1.2","22.0","0.3","21.4","0.2","22.6","0.4","9.3","0.3","8.7","0.2","9.9","0.3","47.7","0.5","47.0","1.1","48.4","0.9","99.3","1.4","(X)","(X)","(X)","(X)","67.1","1.5","(X)","(X)","(X)","(X)","36.8","0.6","(X)","(X)","(X)","(X)","30.3","1.2","(X)","(X)","(X)","(X)","0.0","(X)","(X)","(X)","(X)","(X)","0.6","(X)","(X)","(X)","(X)","(X)",
"0500000US54095","Tyler County, West Virginia","9033","*****","4464","23","4569","23","4.9","0.2","5.0","0.3","4.7","0.3","5.5","1.1","5.0","1.5","6.0","1.4","6.0","1.1","6.7","1.5","5.3","1.4","6.0","0.1","6.2","0.2","5.8","0.2","5.3","0.2","5.2","0.1","5.4","0.4","4.2","0.1","4.4","0.1","4.0","0.1","4.7","0.1","4.8","0.1","4.7","0.1","6.3","0.9","6.1","1.1","6.5","1.2","5.8","0.9","6.3","1.1","5.4","1.2","7.3","0.1","7.5","0.1","7.0","0.1","7.7","0.1","7.6","0.1","7.9","0.1","8.6","1.0","8.6","1.3","8.6","1.4","8.0","1.0","8.5","1.4","7.6","1.4","6.8","0.9","7.4","1.1","6.2","1.1","4.3","0.9","3.9","1.1","4.7","1.1","3.2","0.7","2.2","0.7","4.2","1.1","3.5","0.8","3.6","0.9","3.4","1.1","1.9","0.6","1.1","0.6","2.6","0.8","11.4","0.2","11.7","0.3","11.2","0.1","3.9","0.1","3.9","0.1","3.9","0.1","7.4","0.2","7.4","0.1","7.4","0.4","32.4","0.2","32.9","0.2","31.9","0.3","82.8","0.4","82.4","0.7","83.2","0.5","79.8","0.2","79.4","0.4","80.2","0.3","27.7","1.0","26.7","1.3","28.6","1.4","24.1","0.9","23.8","1.3","24.4","1.1","19.7","0.1","18.2","0.1","21.1","0.2","8.6","0.3","6.9","0.1","10.2","0.1","46.2","0.3","45.6","0.7","46.9","0.7","97.7","1.0","(X)","(X)","(X)","(X)","66.4","0.6","(X)","(X)","(X)","(X)","32.7","0.2","(X)","(X)","(X)","(X)","33.6","0.5","(X)","(X)","(X)","(X)","0.0","(X)","(X)","(X)","(X)","(X)","0.3","(X)","(X)","(X)","(X)","(X)",
"0500000US54097","Upshur County, West Virginia","24560","*****","12223","81","12337","81","5.7","0.3","5.7","0.3","5.8","0.6","5.4","0.8","4.9","1.3","5.9","1.0","6.0","0.7","6.6","1.3","5.5","1.0","6.9","0.2","7.0","0.4","6.7","0.2","8.1","0.3","8.3","0.4","7.9","0.3","5.3","0.1","5.3","0.1","5.2","0.1","5.4","0.1","5.4","0.1","5.4","0.1","4.9","0.8","5.1","1.1","4.8","1.0","6.6","0.8","7.1","1.0","6.2","1.0","6.4","0.1","6.4","0.1","6.5","0.2","7.0","0.2","6.9","0.3","7.2","0.3","6.7","0.7","7.1","1.0","6.4","1.0","7.4","0.7","7.2","1.0","7.5","1.0","5.9","0.8","5.8","1.0","6.0","1.0","4.7","0.7","4.6","1.0","4.7","1.0","3.8","0.5","3.8","0.7","3.7","0.6","1.8","0.5","1.9","0.7","1.7","0.5","1.9","0.5","0.9","0.5","2.8","0.7","11.5","0.3","11.5","0.3","11.4","0.4","3.4","0.1","3.5","0.3","3.3","0.1","11.6","0.3","11.8","0.4","11.4","0.4","37.2","0.3","38.1","0.5","36.2","0.4","81.8","0.4","81.6","0.6","82.0","0.6","79.4","0.3","79.3","0.4","79.5","0.4","25.4","0.7","24.2","1.1","26.5","1.0","22.2","0.6","21.4","0.9","23.0","0.9","18.0","0.2","17.0","0.5","19.0","0.3","7.5","0.2","6.6","0.3","8.3","0.1","41.8","0.5","41.2","0.6","42.5","0.9","99.1","1.3","(X)","(X)","(X)","(X)","62.9","0.8","(X)","(X)","(X)","(X)","29.3","0.5","(X)","(X)","(X)","(X)","33.5","0.6","(X)","(X)","(X)","(X)","0.0","(X)","(X)","(X)","(X)","(X)","1.2","(X)","(X)","(X)","(X)","(X)",
"0500000US54099","Wayne County, West Virginia","41499","*****","20257","134","21242","134","5.3","0.2","5.6","0.4","5.1","0.3","5.6","0.6","6.5","0.8","4.7","0.8","6.8","0.6","6.4","0.8","7.2","0.9","6.3","0.2","7.1","0.5","5.6","0.1","5.7","0.1","6.0","0.3","5.5","0.1","5.0","0.1","5.1","0.1","4.9","0.1","5.8","0.1","5.7","0.1","5.9","0.2","5.9","0.7","5.9","0.9","6.0","0.9","7.0","0.7","7.0","0.9","7.0","1.0","6.9","0.1","6.9","0.2","6.8","0.1","7.4","0.1","7.2","0.2","7.5","0.1","7.5","0.6","7.4","0.8","7.5","0.9","7.0","0.6","6.7","0.8","7.3","0.8","6.5","0.5","6.2","0.5","6.8","0.7","3.7","0.5","3.7","0.5","3.7","0.7","3.0","0.4","2.4","0.5","3.5","0.7","2.3","0.4","2.6","0.6","2.0","0.6","2.3","0.5","1.5","0.5","3.0","0.8","12.4","0.3","12.9","0.3","12.0","0.3","4.1","0.2","4.5","0.5","3.7","0.1","7.9","0.2","8.5","0.4","7.4","0.1","35.8","0.3","36.9","0.5","34.8","0.3","81.0","0.5","80.0","0.7","81.9","0.6","78.1","0.2","77.0","0.5","79.2","0.4","24.7","0.6","23.1","0.8","26.2","0.9","22.3","0.5","21.1","0.8","23.4","0.7","17.7","0.1","16.4","0.1","19.0","0.2","7.5","0.1","6.5","0.1","8.5","0.2","42.5","0.4","41.3","0.6","43.5","0.6","95.4","1.2","(X)","(X)","(X)","(X)","65.5","0.7","(X)","(X)","(X)","(X)","29.3","0.2","(X)","(X)","(X)","(X)","36.2","0.5","(X)","(X)","(X)","(X)","0.0","(X)","(X)","(X)","(X)","(X)","1.0","(X)","(X)","(X)","(X)","(X)",
"0500000US54101","Webster County, West Virginia","8927","*****","4387","35","4540","35","5.7","0.2","6.2","0.5","5.1","0.1","7.9","0.9","8.2","1.2","7.6","1.4","3.4","0.8","3.1","1.2","3.8","1.0","5.2","0.3","5.5","0.1","4.9","0.1","5.0","0.3","5.0","0.1","5.0","0.1","4.5","0.3","4.5","0.1","4.5","0.1","5.0","0.2","4.9","0.1","5.2","0.3","4.2","1.1","4.0","1.3","4.4","1.5","7.7","1.1","8.1","1.3","7.3","1.5","6.6","0.3","6.6","0.1","6.7","0.1","7.8","0.4","7.3","0.1","8.4","0.9","8.9","1.2","9.8","1.7","8.0","1.5","7.7","1.2","7.4","1.8","8.0","1.5","8.0","0.9","8.2","1.4","7.9","1.1","4.0","0.9","4.4","1.5","3.7","1.1","3.6","0.7","3.2","1.0","4.0","1.2","1.5","0.5","1.7","0.6","1.3","0.7","3.0","0.7","1.9","1.0","4.2","1.2","11.4","0.5","11.3","0.1","11.5","1.0","3.3","0.3","3.5","0.1","3.1","0.1","6.9","0.3","7.0","0.1","6.8","0.1","31.7","0.2","32.0","0.3","31.3","0.4","82.1","0.7","81.0","1.1","83.2","1.0","79.7","0.6","79.0","0.5","80.3","1.0","27.9","1.2","26.8","1.8","29.0","1.6","24.7","1.1","23.0","1.3","26.4","1.5","20.2","0.3","19.4","0.3","21.0","0.4","8.2","0.1","6.9","0.1","9.4","0.2","46.3","0.5","45.5","0.6","46.6","0.6","96.6","1.5","(X)","(X)","(X)","(X)","68.2","1.7","(X)","(X)","(X)","(X)","34.0","0.7","(X)","(X)","(X)","(X)","34.2","1.3","(X)","(X)","(X)","(X)","0.0","(X)","(X)","(X)","(X)","(X)","0.6","(X)","(X)","(X)","(X)","(X)",
"0500000US54103","Wetzel County, West Virginia","16157","*****","7931","52","8226","52","5.1","0.1","5.3","0.1","4.9","0.1","5.7","0.9","6.1","1.3","5.3","1.1","5.5","0.9","5.8","1.2","5.3","1.1","6.3","0.2","6.4","0.2","6.1","0.4","5.4","0.2","5.4","0.1","5.3","0.1","4.7","0.1","5.0","0.1","4.5","0.1","4.9","0.1","4.9","0.1","4.9","0.2","5.9","0.8","6.3","1.1","5.5","1.0","5.6","0.8","5.2","1.1","5.9","1.0","7.1","0.3","7.5","0.7","6.7","0.1","7.8","0.1","8.0","0.1","7.6","0.1","6.8","0.9","6.2","1.2","7.3","1.0","8.2","0.9","8.9","1.2","7.5","1.1","7.2","0.6","6.8","0.9","7.6","0.8","4.6","0.7","4.1","1.0","5.1","1.0","3.8","0.7","4.1","0.8","3.5","0.9","2.8","0.6","2.3","0.8","3.3","0.8","2.6","0.6","1.5","0.6","3.7","0.8","11.2","0.3","11.9","0.4","10.6","0.4","4.0","0.2","4.2","0.2","3.8","0.2","7.6","0.2","7.7","0.1","7.6","0.5","32.8","0.2","33.3","0.3","32.3","0.3","82.4","0.5","81.7","0.7","83.0","0.8","79.7","0.3","78.6","0.5","80.7","0.4","29.3","0.9","27.8","1.2","30.7","1.1","26.6","0.8","24.6","1.0","28.5","1.1","21.1","0.2","18.9","0.2","23.3","0.4","9.3","0.2","8.0","0.1","10.5","0.3","46.0","0.5","44.6","0.5","47.2","0.4","96.4","1.2","(X)","(X)","(X)","(X)","70.7","1.1","(X)","(X)","(X)","(X)","36.0","0.5","(X)","(X)","(X)","(X)","34.6","0.7","(X)","(X)","(X)","(X)","0.0","(X)","(X)","(X)","(X)","(X)","0.4","(X)","(X)","(X)","(X)","(X)",
"0500000US54105","Wirt County, West Virginia","5841","*****","2936","83","2905","83","5.1","0.5","5.2","2.2","5.0","2.3","5.2","2.0","5.8","2.5","4.6","2.3","7.0","1.8","6.6","2.6","7.4","1.8","7.2","1.4","8.2","1.7","6.3","1.7","4.8","1.3","4.8","1.6","4.8","1.8","4.0","0.7","2.7","1.3","5.2","0.8","5.2","0.5","5.0","0.1","5.3","0.2","4.2","1.1","3.9","1.4","4.6","1.7","7.4","1.1","6.9","1.4","7.8","1.8","7.5","0.3","7.8","0.6","7.2","0.2","9.0","0.1","8.6","0.2","9.3","0.5","10.0","1.9","9.2","2.6","10.8","2.1","6.0","1.9","7.4","2.8","4.5","2.0","7.3","1.1","7.7","1.5","6.8","1.5","3.7","1.1","3.8","1.5","3.5","1.5","1.9","1.1","2.6","2.0","1.1","0.9","3.5","1.1","2.3","1.7","4.7","1.2","1.2","0.8","1.5","1.3","1.0","0.8","12.2","0.7","12.4","0.3","12.0","1.3","3.7","0.5","3.9","0.1","3.6","0.1","8.3","0.8","9.1","1.5","7.5","0.6","32.7","0.6","31.5","0.9","34.0","1.3","81.0","1.1","81.0","2.2","81.1","2.9","79.0","0.7","78.5","1.8","79.4","2.6","23.5","1.9","25.3","3.0","21.7","2.1","19.7","1.1","19.6","1.4","19.7","1.6","17.5","0.3","17.9","0.7","17.1","0.5","6.6","0.3","6.4","0.6","6.8","0.2","45.0","0.5","45.4","1.0","44.0","1.5","101.1","5.8","(X)","(X)","(X)","(X)","62.8","1.9","(X)","(X)","(X)","(X)","28.5","0.6","(X)","(X)","(X)","(X)","34.3","1.5","(X)","(X)","(X)","(X)","0.0","(X)","(X)","(X)","(X)","(X)","0.4","(X)","(X)","(X)","(X)","(X)",
"0500000US54107","Wood County, West Virginia","86559","*****","41844","109","44715","109","5.7","0.1","6.0","0.1","5.4","0.1","6.0","0.4","6.2","0.6","5.8","0.5","5.8","0.4","6.2","0.6","5.5","0.5","5.9","0.1","6.4","0.2","5.5","0.1","5.7","0.1","5.7","0.2","5.7","0.1","5.6","0.1","5.5","0.2","5.6","0.1","5.9","0.1","6.1","0.2","5.6","0.1","6.0","0.5","6.5","0.6","5.4","0.6","6.4","0.5","6.2","0.6","6.5","0.6","7.0","0.1","7.2","0.2","6.9","0.1","7.7","0.1","7.7","0.1","7.7","0.1","7.4","0.4","7.6","0.5","7.2","0.5","6.9","0.4","6.5","0.5","7.3","0.5","6.1","0.3","5.9","0.4","6.3","0.4","4.2","0.3","4.1","0.4","4.3","0.4","3.5","0.3","3.2","0.3","3.8","0.4","2.1","0.2","1.7","0.3","2.4","0.4","2.2","0.3","1.4","0.3","2.9","0.3","11.8","0.1","12.4","0.1","11.3","0.1","3.8","0.1","4.2","0.1","3.6","0.1","7.8","0.1","7.9","0.2","7.6","0.1","35.4","0.1","36.4","0.2","34.4","0.2","81.1","0.2","80.3","0.3","81.9","0.3","78.6","0.1","77.4","0.1","79.7","0.1","25.0","0.4","22.7","0.5","27.0","0.5","22.1","0.4","19.9","0.5","24.1","0.5","18.1","0.1","16.2","0.1","19.8","0.2","7.7","0.1","6.3","0.1","9.1","0.1","42.5","0.3","41.1","0.4","44.0","0.3","93.6","0.5","(X)","(X)","(X)","(X)","65.1","0.3","(X)","(X)","(X)","(X)","29.8","0.2","(X)","(X)","(X)","(X)","35.3","0.1","(X)","(X)","(X)","(X)","0.1","(X)","(X)","(X)","(X)","(X)","1.1","(X)","(X)","(X)","(X)","(X)",
"0500000US54109","Wyoming County, West Virginia","22866","*****","11328","47","11538","47","5.7","0.3","6.0","0.3","5.5","0.3","5.8","0.9","5.9","1.4","5.7","1.0","6.1","0.9","6.2","1.4","5.9","1.1","5.8","0.2","6.3","0.3","5.4","0.1","5.5","0.2","5.5","0.2","5.5","0.4","5.0","0.1","5.0","0.1","4.9","0.1","5.4","0.2","5.3","0.2","5.5","0.3","7.4","1.0","8.3","1.3","6.5","1.2","5.9","0.9","5.3","1.2","6.5","1.2","6.4","0.1","6.4","0.3","6.5","0.1","7.2","0.1","7.1","0.1","7.3","0.1","8.1","1.0","8.0","1.1","8.1","1.2","8.9","1.0","9.0","1.2","8.8","1.2","5.7","0.8","5.8","1.0","5.6","1.1","4.5","0.8","4.6","1.0","4.4","1.1","2.6","0.5","2.1","0.7","3.0","0.8","2.4","0.5","2.3","0.7","2.4","0.7","1.7","0.6","0.9","0.5","2.5","0.9","11.9","0.3","12.1","0.5","11.6","0.2","3.8","0.1","4.1","0.1","3.6","0.1","7.5","0.3","7.7","0.3","7.3","0.4","35.0","0.3","35.6","0.3","34.3","0.5","81.6","0.4","81.0","0.6","82.2","0.5","78.6","*****","77.8","0.2","79.3","0.2","25.8","1.0","24.8","1.2","26.7","1.4","21.4","0.9","20.4","1.2","22.2","1.4","16.8","0.3","15.7","0.1","17.9","0.5","6.7","0.3","5.3","0.1","8.0","0.6","42.8","0.6","41.5","0.5","44.2","0.5","98.2","0.8","(X)","(X)","(X)","(X)","61.9","0.7","(X)","(X)","(X)","(X)","27.3","0.6","(X)","(X)","(X)","(X)","34.6","0.2","(X)","(X)","(X)","(X)","0.0","(X)","(X)","(X)","(X)","(X)","0.5","(X)","(X)","(X)","(X)","(X)",
